Train_No,Train_Name,Station_Name,Station_Code,Delay,Zone,Long,Lat
2563,BJU NDLS HUMSFAR,BARAUNI JN,BJU,59,ECR,85.988748,25.461768
2563,BJU NDLS HUMSFAR,MUZAFFARPUR JN,MFP,118,ECR,85.378006,26.122311
2563,BJU NDLS HUMSFAR,CHHAPRA,CPR,156,ECR,84.725004,25.78832
2563,BJU NDLS HUMSFAR,SIWAN JN,SV,169,ECR,84.359267,26.210724
2563,BJU NDLS HUMSFAR,DEORIA SADAR,DEOS,153,ECR,83.7819591,26.50768117
2563,BJU NDLS HUMSFAR,GORAKHPUR JN,GKP,266,ECR,83.381499,26.759311
2563,BJU NDLS HUMSFAR,BASTI,BST,312,ECR,82.770059,26.815678
2563,BJU NDLS HUMSFAR,AISHBAGH,ASH,396,ECR,80.9096068,26.83738801
2563,BJU NDLS HUMSFAR,KANPUR CENTRAL,CNB,480,ECR,80.350966,26.45424
2563,BJU NDLS HUMSFAR,NEW DELHI,NDLS,487,ECR,77.220004,28.642314
2564,BJU HUMSAFAR,NEW DELHI,NDLS,4,ECR,77.220004,28.642314
2564,BJU HUMSAFAR,KANPUR CENTRAL,CNB,46,ECR,80.350966,26.45424
2564,BJU HUMSAFAR,AISHBAGH,ASH,60,ECR,80.9096068,26.83738801
2564,BJU HUMSAFAR,BASTI,BST,148,ECR,82.770059,26.815678
2564,BJU HUMSAFAR,GORAKHPUR JN,GKP,137,ECR,83.381499,26.759311
2564,BJU HUMSAFAR,DEORIA SADAR,DEOS,155,ECR,83.7819591,26.50768117
2564,BJU HUMSAFAR,SIWAN JN,SV,173,ECR,84.359267,26.210724
2564,BJU HUMSAFAR,CHHAPRA,CPR,224,ECR,84.725004,25.78832
2564,BJU HUMSAFAR,MUZAFFARPUR JN,MFP,281,ECR,85.378006,26.122311
2564,BJU HUMSAFAR,BARAUNI JN,BJU,395,ECR,85.988748,25.461768
2569,DBG NDLS HMSAFAR,DARBHANGA JN,DBG,44,ECR,85.907575,26.157088
2569,DBG NDLS HMSAFAR,SAMASTIPUR JN,SPJ,106,ECR,85.78736,25.858304
2569,DBG NDLS HMSAFAR,MUZAFFARPUR JN,MFP,113,ECR,85.378006,26.122311
2569,DBG NDLS HMSAFAR,CHHAPRA,CPR,137,ECR,84.725004,25.78832
2569,DBG NDLS HMSAFAR,SIWAN JN,SV,178,ECR,84.359267,26.210724
2569,DBG NDLS HMSAFAR,DEORIA SADAR,DEOS,170,ECR,83.7819591,26.50768117
2569,DBG NDLS HMSAFAR,GORAKHPUR JN,GKP,291,ECR,83.381499,26.759311
2569,DBG NDLS HMSAFAR,BASTI,BST,320,ECR,82.770059,26.815678
2569,DBG NDLS HMSAFAR,AISHBAGH,ASH,402,ECR,80.9096068,26.83738801
2569,DBG NDLS HMSAFAR,KANPUR CENTRAL,CNB,510,ECR,80.350966,26.45424
2569,DBG NDLS HMSAFAR,NEW DELHI,NDLS,512,ECR,77.220004,28.642314
2570,DBG HUMSAFAR,NEW DELHI,NDLS,127,ECR,77.220004,28.642314
2570,DBG HUMSAFAR,KANPUR CENTRAL,CNB,161,ECR,80.350966,26.45424
2570,DBG HUMSAFAR,AISHBAGH,ASH,197,ECR,80.9096068,26.83738801
2570,DBG HUMSAFAR,BASTI,BST,285,ECR,82.770059,26.815678
2570,DBG HUMSAFAR,GORAKHPUR JN,GKP,279,ECR,83.381499,26.759311
2570,DBG HUMSAFAR,DEORIA SADAR,DEOS,280,ECR,83.7819591,26.50768117
2570,DBG HUMSAFAR,SIWAN JN,SV,291,ECR,84.359267,26.210724
2570,DBG HUMSAFAR,CHHAPRA,CPR,251,ECR,84.725004,25.78832
2570,DBG HUMSAFAR,MUZAFFARPUR JN,MFP,277,ECR,85.378006,26.122311
2570,DBG HUMSAFAR,SAMASTIPUR JN,SPJ,326,ECR,85.78736,25.858304
2570,DBG HUMSAFAR,DARBHANGA JN,DBG,320,ECR,85.907575,26.157088
2595,GKP FESTIVAL SPL,,nan,,,,
2596,HMSFR FEST SPL,,nan,,,,
2751,JAT HUMSAFAR SPL,,nan,,,,
2752,NED HUMSAFAR SPL,,nan,,,,
4651,PNBE FZR HUMSAFAR,JAYNAGAR,JYG,1,NR,86.134871,26.589465
4651,PNBE FZR HUMSAFAR,DARBHANGA JN,DBG,8,NR,85.907575,26.157088
4651,PNBE FZR HUMSAFAR,SAMASTIPUR JN,SPJ,13,NR,85.78736,25.858304
4651,PNBE FZR HUMSAFAR,MUZAFFARPUR JN,MFP,27,NR,85.378006,26.122311
4651,PNBE FZR HUMSAFAR,CHHAPRA,CPR,49,NR,84.725004,25.78832
4651,PNBE FZR HUMSAFAR,SHAHGANJ JN,SHG,33,NR,82.679662,26.061399
4651,PNBE FZR HUMSAFAR,LUCKNOW NR,LKO,85,NR,80.925291,26.830675
4651,PNBE FZR HUMSAFAR,MORADABAD,MB,114,NR,78.765801,28.831621
4651,PNBE FZR HUMSAFAR,DELHI,DLI,226,NR,77.228356,28.661816
4651,PNBE FZR HUMSAFAR,AMBALA CANT JN,UMB,301,NR,76.826966,30.338918
4651,PNBE FZR HUMSAFAR,AMRITSAR JN,ASR,287,NR,74.858025,31.631512
4652,JYG HUMSAFR SPL,AMRITSAR JN,ASR,0,NR,74.858025,31.631512
4652,JYG HUMSAFR SPL,AMBALA CANT JN,UMB,30,NR,76.826966,30.338918
4652,JYG HUMSAFR SPL,DELHI,DLI,72,NR,77.228356,28.661816
4652,JYG HUMSAFR SPL,MORADABAD,MB,131,NR,78.765801,28.831621
4652,JYG HUMSAFR SPL,LUCKNOW NR,LKO,197,NR,80.925291,26.830675
4652,JYG HUMSAFR SPL,SHAHGANJ JN,SHG,210,NR,82.679662,26.061399
4652,JYG HUMSAFR SPL,CHHAPRA,CPR,166,NR,84.725004,25.78832
4652,JYG HUMSAFR SPL,MUZAFFARPUR JN,MFP,208,NR,85.378006,26.122311
4652,JYG HUMSAFR SPL,SAMASTIPUR JN,SPJ,263,NR,85.78736,25.858304
4652,JYG HUMSAFR SPL,DARBHANGA JN,DBG,287,NR,85.907575,26.157088
4652,JYG HUMSAFR SPL,JAYNAGAR,JYG,258,NR,86.134871,26.589465
6509,SBC DNR HUMSAFAR,KSR BANGALORE CY JN,SBC,0,SWR,77.568083,12.977595
6509,SBC DNR HUMSAFAR,KRISHNARAJAPURM,KJM,0,SWR,77.674016,13.000534
6509,SBC DNR HUMSAFAR,JOLARPETTAI,JTJ,0,SWR,78.57782,12.560852
6509,SBC DNR HUMSAFAR,KATPADI JN,KPD,0,SWR,79.135341,12.972734
6509,SBC DNR HUMSAFAR,ARAKKONAM,AJJ,0,SWR,79.667991,13.081512
6509,SBC DNR HUMSAFAR,PERAMBUR,PER,0,SWR,80.244533,13.10702
6509,SBC DNR HUMSAFAR,VIJAYAWADA JN,BZA,0,SWR,80.618648,16.518262
6509,SBC DNR HUMSAFAR,WARANGAL,WL,0,SWR,79.604929,17.972477
6509,SBC DNR HUMSAFAR,BALHARSHAH,BPQ,0,SWR,79.3485858,19.8490173
6509,SBC DNR HUMSAFAR,NAGPUR,NGP,0,SWR,79.089004,21.153567
6509,SBC DNR HUMSAFAR,ITARSI JN,ET,0,SWR,77.767128,22.608258
6509,SBC DNR HUMSAFAR,JABALPUR,JBP,0,SWR,79.950919,23.164636
6509,SBC DNR HUMSAFAR,SATNA,STA,0,SWR,80.827717,24.568619
6509,SBC DNR HUMSAFAR,PRAYAGRAJ CHHEOKI,PCOI,0,SWR,,
6509,SBC DNR HUMSAFAR,PT DEEN DAYAL UPADHYAY JN,DDU,0,SWR,,
6509,SBC DNR HUMSAFAR,ARA,ARA,0,SWR,84.662596,25.548889
6509,SBC DNR HUMSAFAR,DANAPUR,DNR,0,SWR,85.044629,25.581921
6510,DNR SBC HUMSAFAR,DANAPUR,DNR,0,SWR,85.044629,25.581921
6510,DNR SBC HUMSAFAR,ARA,ARA,0,SWR,84.662596,25.548889
6510,DNR SBC HUMSAFAR,PT DEEN DAYAL UPADHYAY JN,DDU,0,SWR,,
6510,DNR SBC HUMSAFAR,PRAYAGRAJ CHHEOKI,PCOI,0,SWR,,
6510,DNR SBC HUMSAFAR,SATNA,STA,0,SWR,80.827717,24.568619
6510,DNR SBC HUMSAFAR,JABALPUR,JBP,0,SWR,79.950919,23.164636
6510,DNR SBC HUMSAFAR,ITARSI JN,ET,0,SWR,77.767128,22.608258
6510,DNR SBC HUMSAFAR,NAGPUR,NGP,0,SWR,79.089004,21.153567
6510,DNR SBC HUMSAFAR,BALHARSHAH,BPQ,0,SWR,79.3485858,19.8490173
6510,DNR SBC HUMSAFAR,WARANGAL,WL,0,SWR,79.604929,17.972477
6510,DNR SBC HUMSAFAR,VIJAYAWADA JN,BZA,0,SWR,80.618648,16.518262
6510,DNR SBC HUMSAFAR,PERAMBUR,PER,0,SWR,80.244533,13.10702
6510,DNR SBC HUMSAFAR,ARAKKONAM,AJJ,0,SWR,79.667991,13.081512
6510,DNR SBC HUMSAFAR,KATPADI JN,KPD,0,SWR,79.135341,12.972734
6510,DNR SBC HUMSAFAR,JOLARPETTAI,JTJ,0,SWR,78.57782,12.560852
6510,DNR SBC HUMSAFAR,KSR BANGALORE CY JN,SBC,0,SWR,77.568083,12.977595
9065,CPR HUMSAFAR SPL,SURAT,ST,0,WR,72.840793,21.206568
9065,CPR HUMSAFAR SPL,UDHNA JN,UDN,0,WR,72.851461,21.171156
9065,CPR HUMSAFAR SPL,NANDURBAR,NDB,0,WR,74.246482,21.374812
9065,CPR HUMSAFAR SPL,BHUSAVAL JN,BSL,0,WR,75.7886717,21.0472812
9065,CPR HUMSAFAR SPL,ITARSI JN,ET,0,WR,77.767128,22.608258
9065,CPR HUMSAFAR SPL,JABALPUR,JBP,0,WR,79.950919,23.164636
9065,CPR HUMSAFAR SPL,PRAYAGRAJ CHHEOKI,PCOI,0,WR,,
9065,CPR HUMSAFAR SPL,VARANASI JN,BSB,0,WR,82.986468,25.327281
9065,CPR HUMSAFAR SPL,JAUNPUR JN,JNU,0,WR,82.699696,25.762849
9065,CPR HUMSAFAR SPL,KERAKAT H,KCT,0,WR,82.924798,25.645355
9065,CPR HUMSAFAR SPL,CHHAPRA,CPR,0,WR,84.725004,25.78832
9447,ADI PNBE SF SPL,AHMEDABAD JN,ADI,0,WR,72.601516,23.025515
9447,ADI PNBE SF SPL,CHHAYAPURI,CYI,0,WR,73.179698,22.388284
9447,ADI PNBE SF SPL,RATLAM JN,RTM,0,WR,75.050826,23.34038
9447,ADI PNBE SF SPL,KOTA JN,KOTA,0,WR,75.8805,25.223553
9447,ADI PNBE SF SPL,AGRA FORT,AF,0,WR,78.0191,27.183308
9447,ADI PNBE SF SPL,KANPUR CENTRAL,CNB,0,WR,80.350966,26.45424
9447,ADI PNBE SF SPL,PT DEEN DAYAL UPADHYAY JN,DDU,0,WR,,
9447,ADI PNBE SF SPL,PATNA JN,PNBE,0,WR,85.136824,25.60256
9448,PNBE ADI SPL,PATNA JN,PNBE,0,WR,85.136824,25.60256
9448,PNBE ADI SPL,PT DEEN DAYAL UPADHYAY JN,DDU,0,WR,,
9448,PNBE ADI SPL,KANPUR CENTRAL,CNB,0,WR,80.350966,26.45424
9448,PNBE ADI SPL,AGRA FORT,AF,0,WR,78.0191,27.183308
9448,PNBE ADI SPL,KOTA JN,KOTA,0,WR,75.8805,25.223553
9448,PNBE ADI SPL,RATLAM JN,RTM,0,WR,75.050826,23.34038
9448,PNBE ADI SPL,CHHAYAPURI,CYI,0,WR,73.179698,22.388284
9448,PNBE ADI SPL,AHMEDABAD JN,ADI,0,WR,72.601516,23.025515
9465,ADI DBG SPL,AHMEDABAD JN,ADI,1,WR,72.601516,23.025515
9465,ADI DBG SPL,CHHAYAPURI,CYI,13,WR,73.179698,22.388284
9465,ADI DBG SPL,RATLAM JN,RTM,45,WR,75.050826,23.34038
9465,ADI DBG SPL,UJJAIN JN,UJN,29,WR,75.781403,23.178154
9465,ADI DBG SPL,GUNA,GUNA,0,WR,77.314104,24.6405
9465,ADI DBG SPL,BINA JN,BINA,5,WR,78.1831998,24.1709735
9465,ADI DBG SPL,V LAKSHMIBAI JHANSI,VGLJ,36,WR,78.5533,25.4439
9465,ADI DBG SPL,KANPUR CENTRAL,CNB,57,WR,80.350966,26.45424
9465,ADI DBG SPL,LUCKNOW NR,LKO,96,WR,80.925291,26.830675
9465,ADI DBG SPL,AYODHYA CANT,AYC,81,WR,,
9465,ADI DBG SPL,SHAHGANJ JN,SHG,52,WR,82.679662,26.061399
9465,ADI DBG SPL,CHHAPRA,CPR,8,WR,84.725004,25.78832
9465,ADI DBG SPL,MUZAFFARPUR JN,MFP,53,WR,85.378006,26.122311
9465,ADI DBG SPL,SAMASTIPUR JN,SPJ,248,WR,85.78736,25.858304
9465,ADI DBG SPL,DARBHANGA JN,DBG,258,WR,85.907575,26.157088
9466,DBG ADI SPL,DARBHANGA JN,DBG,0,WR,85.907575,26.157088
9466,DBG ADI SPL,SAMASTIPUR JN,SPJ,0,WR,85.78736,25.858304
9466,DBG ADI SPL,MUZAFFARPUR JN,MFP,0,WR,85.378006,26.122311
9466,DBG ADI SPL,CHHAPRA,CPR,0,WR,84.725004,25.78832
9466,DBG ADI SPL,SHAHGANJ JN,SHG,0,WR,82.679662,26.061399
9466,DBG ADI SPL,AYODHYA CANT,AYC,0,WR,,
9466,DBG ADI SPL,LUCKNOW NR,LKO,0,WR,80.925291,26.830675
9466,DBG ADI SPL,KANPUR CENTRAL,CNB,0,WR,80.350966,26.45424
9466,DBG ADI SPL,V LAKSHMIBAI JHANSI,VGLJ,0,WR,78.5533,25.4439
9466,DBG ADI SPL,BINA JN,BINA,0,WR,78.1831998,24.1709735
9466,DBG ADI SPL,GUNA,GUNA,0,WR,77.314104,24.6405
9466,DBG ADI SPL,UJJAIN JN,UJN,0,WR,75.781403,23.178154
9466,DBG ADI SPL,RATLAM JN,RTM,0,WR,75.050826,23.34038
9466,DBG ADI SPL,CHHAYAPURI,CYI,0,WR,73.179698,22.388284
9466,DBG ADI SPL,AHMEDABAD JN,ADI,0,WR,72.601516,23.025515
12235,HUMSAFAR EXP,MADHUPUR JN,MDP,0,NR,86.642183,24.270633
12235,HUMSAFAR EXP,JASIDIH JN,JSME,7,NR,86.644255,24.514517
12235,HUMSAFAR EXP,JHAJHA,JAJ,3,NR,86.399854,24.779456
12235,HUMSAFAR EXP,KIUL JN,KIUL,14,NR,86.106198,25.171504
12235,HUMSAFAR EXP,MOKAMEH JN,MKA,26,NR,85.913049,25.391885
12235,HUMSAFAR EXP,PATNA JN,PNBE,19,NR,85.136824,25.60256
12235,HUMSAFAR EXP,ARA,ARA,37,NR,84.662596,25.548889
12235,HUMSAFAR EXP,BUXAR,BXR,50,NR,83.982184,25.562067
12235,HUMSAFAR EXP,PT DEEN DAYAL UPADHYAY JN,DDU,3,NR,,
12235,HUMSAFAR EXP,PRAYAGRAJ JN,PRYJ,10,NR,81.8253,25.4453
12235,HUMSAFAR EXP,KANPUR CENTRAL,CNB,18,NR,80.350966,26.45424
12235,HUMSAFAR EXP,ANAND VIHAR TRM,ANVT,16,NR,77.31521255,28.65050357
12236,ANVT MDP HUMSFR,ANAND VIHAR TRM,ANVT,0,NR,77.31521255,28.65050357
12236,ANVT MDP HUMSFR,KANPUR CENTRAL,CNB,22,NR,80.350966,26.45424
12236,ANVT MDP HUMSFR,PRAYAGRAJ JN,PRYJ,22,NR,81.8253,25.4453
12236,ANVT MDP HUMSFR,PT DEEN DAYAL UPADHYAY JN,DDU,0,NR,,
12236,ANVT MDP HUMSFR,BUXAR,BXR,3,NR,83.982184,25.562067
12236,ANVT MDP HUMSFR,ARA,ARA,14,NR,84.662596,25.548889
12236,ANVT MDP HUMSFR,PATNA JN,PNBE,19,NR,85.136824,25.60256
12236,ANVT MDP HUMSFR,MOKAMEH JN,MKA,48,NR,85.913049,25.391885
12236,ANVT MDP HUMSFR,KIUL JN,KIUL,51,NR,86.106198,25.171504
12236,ANVT MDP HUMSFR,JHAJHA,JAJ,0,NR,86.399854,24.779456
12236,ANVT MDP HUMSFR,JASIDIH JN,JSME,6,NR,86.644255,24.514517
12275,PRYJ NDLS HUMSAFAR,PRAYAGRAJ JN,PRYJ,0,NCR,81.8253,25.4453
12275,PRYJ NDLS HUMSAFAR,SUBEDARGANJ,SFG,118,NCR,81.789897,25.439879
12275,PRYJ NDLS HUMSAFAR,NEW DELHI,NDLS,121,NCR,77.220004,28.642314
12276,NDLS ALD HUMSAFAR,NEW DELHI,NDLS,0,NCR,77.220004,28.642314
12276,NDLS ALD HUMSAFAR,SUBEDARGANJ,SFG,46,NCR,81.789897,25.439879
12276,NDLS ALD HUMSAFAR,PRAYAGRAJ JN,PRYJ,0,NCR,81.8253,25.4453
12349,NDLS HUMSAFAR,GODDA,GODA,0,ER,,
12349,NDLS HUMSAFAR,POREYAHAT,PYHT,0,ER,,
12349,NDLS HUMSAFAR,HANSDIHA,HSDA,0,ER,87.08497982,24.6141943
12349,NDLS HUMSAFAR,MANDAR HILL,MDLE,0,ER,87.02615831,24.80607806
12349,NDLS HUMSAFAR,BARAHAT,BHLE,0,ER,87.0100838,24.92060047
12349,NDLS HUMSAFAR,BHAGALPUR,BGP,0,ER,86.9767918,25.2419093
12349,NDLS HUMSAFAR,SULTANGANJ,SGG,0,ER,86.736175,25.24085
12349,NDLS HUMSAFAR,JAMALPUR JN,JMP,0,ER,86.492285,25.313906
12349,NDLS HUMSAFAR,ABHAIPUR,AHA,0,ER,86.32307246,25.21598646
12349,NDLS HUMSAFAR,KIUL JN,KIUL,0,ER,86.106198,25.171504
12349,NDLS HUMSAFAR,NAWADAH,NWD,0,ER,85.548645,24.886758
12349,NDLS HUMSAFAR,GAYA JN,GAYA,0,ER,84.999294,24.803978
12349,NDLS HUMSAFAR,SASARAM,SSM,0,ER,84.019423,24.955926
12349,NDLS HUMSAFAR,PT DEEN DAYAL UPADHYAY JN,DDU,0,ER,,
12349,NDLS HUMSAFAR,PRAYAGRAJ JN,PRYJ,0,ER,81.8253,25.4453
12349,NDLS HUMSAFAR,KANPUR CENTRAL,CNB,0,ER,80.350966,26.45424
12349,NDLS HUMSAFAR,NEW DELHI,NDLS,0,ER,77.220004,28.642314
12350,GODA HUMSAFAR,NEW DELHI,NDLS,0,ER,77.220004,28.642314
12350,GODA HUMSAFAR,KANPUR CENTRAL,CNB,0,ER,80.350966,26.45424
12350,GODA HUMSAFAR,PRAYAGRAJ JN,PRYJ,0,ER,81.8253,25.4453
12350,GODA HUMSAFAR,PT DEEN DAYAL UPADHYAY JN,DDU,0,ER,,
12350,GODA HUMSAFAR,SASARAM,SSM,0,ER,84.019423,24.955926
12350,GODA HUMSAFAR,GAYA JN,GAYA,0,ER,84.999294,24.803978
12350,GODA HUMSAFAR,NAWADAH,NWD,0,ER,85.548645,24.886758
12350,GODA HUMSAFAR,KIUL JN,KIUL,0,ER,86.106198,25.171504
12350,GODA HUMSAFAR,ABHAIPUR,AHA,0,ER,86.32307246,25.21598646
12350,GODA HUMSAFAR,JAMALPUR JN,JMP,0,ER,86.492285,25.313906
12350,GODA HUMSAFAR,SULTANGANJ,SGG,0,ER,86.736175,25.24085
12350,GODA HUMSAFAR,BHAGALPUR,BGP,0,ER,86.9767918,25.2419093
12350,GODA HUMSAFAR,BARAHAT,BHLE,0,ER,87.0100838,24.92060047
12350,GODA HUMSAFAR,MANDAR HILL,MDLE,0,ER,87.02615831,24.80607806
12350,GODA HUMSAFAR,HANSDIHA,HSDA,0,ER,87.08497982,24.6141943
12350,GODA HUMSAFAR,POREYAHAT,PYHT,0,ER,,
12350,GODA HUMSAFAR,GODDA,GODA,0,ER,,
12503,AGTL HUMSAFAR,SMVT BENGALURU,SMVB,6,NFR,77.6418,13.0006
12503,AGTL HUMSAFAR,WHITEFIELD,WFD,9,NFR,77.761305,12.995253
12503,AGTL HUMSAFAR,KATPADI JN,KPD,21,NFR,79.135341,12.972734
12503,AGTL HUMSAFAR,PERAMBUR,PER,35,NFR,80.244533,13.10702
12503,AGTL HUMSAFAR,VIJAYAWADA JN,BZA,42,NFR,80.618648,16.518262
12503,AGTL HUMSAFAR,DUVVADA,DVD,2,NFR,83.152059,17.703843
12503,AGTL HUMSAFAR,VISHAKAPATNAM,VSKP,0,NFR,83.289514,17.72159
12503,AGTL HUMSAFAR,VIZIANAGRAM JN,VZM,20,NFR,83.395586,18.111374
12503,AGTL HUMSAFAR,SRIKAKULAM ROAD,CHE,23,NFR,83.903771,18.408679
12503,AGTL HUMSAFAR,PALASA,PSA,2,NFR,84.422091,18.756782
12503,AGTL HUMSAFAR,BRAHMAPUR,BAM,5,NFR,84.7966912,19.2961348
12503,AGTL HUMSAFAR,KHURDA ROAD JN,KUR,18,NFR,85.708234,20.153076
12503,AGTL HUMSAFAR,BHUBANESWAR,BBS,25,NFR,85.842595,20.265388
12503,AGTL HUMSAFAR,CUTTACK,CTC,33,NFR,85.90156,20.466588
12503,AGTL HUMSAFAR,BHADRAKH,BHC,0,NFR,86.5162305,21.0917458
12503,AGTL HUMSAFAR,KHARAGPUR JN,KGP,64,NFR,87.328456,22.341432
12503,AGTL HUMSAFAR,ANDUL,ADL,62,NFR,88.239643,22.575169
12503,AGTL HUMSAFAR,DANKUNI,DKAE,79,NFR,88.291491,22.677422
12503,AGTL HUMSAFAR,RAMPUR HAT,RPH,123,NFR,87.782147,24.179797
12503,AGTL HUMSAFAR,MALDA TOWN,MLDT,99,NFR,88.130338,25.015659
12503,AGTL HUMSAFAR,KISHANGANJ,KNE,98,NFR,87.949657,26.097746
12503,AGTL HUMSAFAR,NEW JALPAIGURI,NJP,101,NFR,88.443391,26.683025
12503,AGTL HUMSAFAR,NEW BONGAIGAON,NBQ,92,NFR,90.53684346,26.47583544
12503,AGTL HUMSAFAR,KAMAKHYA,KYQ,107,NFR,91.689505,26.156154
12503,AGTL HUMSAFAR,GUWAHATI,GHY,117,NFR,91.751851,26.182635
12503,AGTL HUMSAFAR,NEW HAFLONG,NHLG,152,NFR,93.0319,25.1481
12503,AGTL HUMSAFAR,BADARPUR JN,BPB,147,NFR,92.5563227,24.8651775
12503,AGTL HUMSAFAR,NEW KARIMGANJ,NKMG,142,NFR,92.39438081,24.84336891
12503,AGTL HUMSAFAR,DHARMANAGAR,DMR,133,NFR,92.168247,24.366946
12503,AGTL HUMSAFAR,AMBASA,ABSA,131,NFR,91.860783,23.930507
12503,AGTL HUMSAFAR,AGARTALA,AGTL,100,NFR,91.278481,23.792417
12504,AGTL SMVB HUMSAFAR,AGARTALA,AGTL,2,NFR,91.278481,23.792417
12504,AGTL SMVB HUMSAFAR,AMBASA,ABSA,14,NFR,91.860783,23.930507
12504,AGTL SMVB HUMSAFAR,DHARMANAGAR,DMR,8,NFR,92.168247,24.366946
12504,AGTL SMVB HUMSAFAR,NEW KARIMGANJ,NKMG,9,NFR,92.39438081,24.84336891
12504,AGTL SMVB HUMSAFAR,BADARPUR JN,BPB,34,NFR,92.5563227,24.8651775
12504,AGTL SMVB HUMSAFAR,NEW HAFLONG,NHLG,27,NFR,93.0319,25.1481
12504,AGTL SMVB HUMSAFAR,GUWAHATI,GHY,88,NFR,91.751851,26.182635
12504,AGTL SMVB HUMSAFAR,KAMAKHYA,KYQ,88,NFR,91.689505,26.156154
12504,AGTL SMVB HUMSAFAR,NEW BONGAIGAON,NBQ,87,NFR,90.53684346,26.47583544
12504,AGTL SMVB HUMSAFAR,NEW JALPAIGURI,NJP,98,NFR,88.443391,26.683025
12504,AGTL SMVB HUMSAFAR,KISHANGANJ,KNE,101,NFR,87.949657,26.097746
12504,AGTL SMVB HUMSAFAR,MALDA TOWN,MLDT,78,NFR,88.130338,25.015659
12504,AGTL SMVB HUMSAFAR,RAMPUR HAT,RPH,117,NFR,87.782147,24.179797
12504,AGTL SMVB HUMSAFAR,DANKUNI,DKAE,136,NFR,88.291491,22.677422
12504,AGTL SMVB HUMSAFAR,ANDUL,ADL,129,NFR,88.239643,22.575169
12504,AGTL SMVB HUMSAFAR,KHARAGPUR JN,KGP,133,NFR,87.328456,22.341432
12504,AGTL SMVB HUMSAFAR,BHADRAKH,BHC,127,NFR,86.5162305,21.0917458
12504,AGTL SMVB HUMSAFAR,CUTTACK,CTC,140,NFR,85.90156,20.466588
12504,AGTL SMVB HUMSAFAR,BHUBANESWAR,BBS,149,NFR,85.842595,20.265388
12504,AGTL SMVB HUMSAFAR,KHURDA ROAD JN,KUR,171,NFR,85.708234,20.153076
12504,AGTL SMVB HUMSAFAR,BRAHMAPUR,BAM,195,NFR,84.7966912,19.2961348
12504,AGTL SMVB HUMSAFAR,PALASA,PSA,176,NFR,84.422091,18.756782
12504,AGTL SMVB HUMSAFAR,SRIKAKULAM ROAD,CHE,193,NFR,83.903771,18.408679
12504,AGTL SMVB HUMSAFAR,VIZIANAGRAM JN,VZM,197,NFR,83.395586,18.111374
12504,AGTL SMVB HUMSAFAR,VISHAKAPATNAM,VSKP,227,NFR,83.289514,17.72159
12504,AGTL SMVB HUMSAFAR,DUVVADA,DVD,207,NFR,83.152059,17.703843
12504,AGTL SMVB HUMSAFAR,VIJAYAWADA JN,BZA,203,NFR,80.618648,16.518262
12504,AGTL SMVB HUMSAFAR,PERAMBUR,PER,273,NFR,80.244533,13.10702
12504,AGTL SMVB HUMSAFAR,KATPADI JN,KPD,209,NFR,79.135341,12.972734
12504,AGTL SMVB HUMSAFAR,WHITEFIELD,WFD,194,NFR,77.761305,12.995253
12504,AGTL SMVB HUMSAFAR,SMVT BENGALURU,SMVB,183,NFR,77.6418,13.0006
12595,ANVT HUMSAFAR,GORAKHPUR JN,GKP,0,NER,83.381499,26.759311
12595,ANVT HUMSAFAR,BASTI,BST,0,NER,82.770059,26.815678
12595,ANVT HUMSAFAR,GONDA JN,GD,0,NER,81.978152,27.154613
12595,ANVT HUMSAFAR,LUCKNOW NR,LKO,0,NER,80.925291,26.830675
12595,ANVT HUMSAFAR,KANPUR CENTRAL,CNB,0,NER,80.350966,26.45424
12595,ANVT HUMSAFAR,ANAND VIHAR TRM,ANVT,0,NER,77.31521255,28.65050357
12596,GKP HUMSAFAR,ANAND VIHAR TRM,ANVT,0,NER,77.31521255,28.65050357
12596,GKP HUMSAFAR,KANPUR CENTRAL,CNB,0,NER,80.350966,26.45424
12596,GKP HUMSAFAR,LUCKNOW NR,LKO,0,NER,80.925291,26.830675
12596,GKP HUMSAFAR,GONDA JN,GD,0,NER,81.978152,27.154613
12596,GKP HUMSAFAR,BASTI,BST,0,NER,82.770059,26.815678
12596,GKP HUMSAFAR,GORAKHPUR JN,GKP,0,NER,83.381499,26.759311
12751,NED JAT HUMSAFAR,H SAHIB NANDED,NED,0,SCR,77.310478,19.160522
12751,NED JAT HUMSAFAR,PURNA JN,PAU,0,SCR,77.024985,19.180527
12751,NED JAT HUMSAFAR,HINGOLI DECCAN,HNL,0,SCR,77.146758,19.726357
12751,NED JAT HUMSAFAR,WASHIM,WHM,0,SCR,77.147986,20.103101
12751,NED JAT HUMSAFAR,AKOLA JN,AK,0,SCR,77.005497,20.723084
12751,NED JAT HUMSAFAR,SHEGAON,SEG,0,SCR,76.690331,20.801724
12751,NED JAT HUMSAFAR,MALKAPUR,MKU,0,SCR,76.202946,20.891974
12751,NED JAT HUMSAFAR,KHANDWA,KNW,0,SCR,76.353227,21.823596
12751,NED JAT HUMSAFAR,ITARSI JN,ET,0,SCR,77.767128,22.608258
12751,NED JAT HUMSAFAR,RANI KAMLAPATI,RKMP,0,SCR,77.4401,23.2216
12751,NED JAT HUMSAFAR,BINA JN,BINA,0,SCR,78.1831998,24.1709735
12751,NED JAT HUMSAFAR,V LAKSHMIBAI JHANSI,VGLJ,0,SCR,78.5533,25.4439
12751,NED JAT HUMSAFAR,GWALIOR,GWL,0,SCR,78.182292,26.216483
12751,NED JAT HUMSAFAR,AGRA CANTT,AGC,0,SCR,77.990153,27.157992
12751,NED JAT HUMSAFAR,MATHURA JN,MTJ,0,SCR,77.673117,27.480145
12751,NED JAT HUMSAFAR,NEW DELHI,NDLS,0,SCR,77.220004,28.642314
12751,NED JAT HUMSAFAR,AMBALA CANT JN,UMB,0,SCR,76.826966,30.338918
12751,NED JAT HUMSAFAR,RAJPURA JN,RPJ,0,SCR,76.59402019,30.48645895
12751,NED JAT HUMSAFAR,PATIALA,PTA,0,SCR,76.4041,30.344249
12751,NED JAT HUMSAFAR,DHURI JN,DUI,0,SCR,75.866603,30.372741
12751,NED JAT HUMSAFAR,MALERKOTLA,MET,0,SCR,75.871692,30.529403
12751,NED JAT HUMSAFAR,LUDHIANA JN,LDH,0,SCR,75.847873,30.912367
12751,NED JAT HUMSAFAR,JALANDHAR CANT,JRC,0,SCR,75.632106,31.306235
12751,NED JAT HUMSAFAR,PATHANKOT CANTT,PTKC,0,SCR,75.636044,32.2593
12751,NED JAT HUMSAFAR,JAMMU TAWI,JAT,0,SCR,74.880117,32.706975
12752,JAT NED HUMSAFAR,JAMMU TAWI,JAT,0,SCR,74.880117,32.706975
12752,JAT NED HUMSAFAR,PATHANKOT CANTT,PTKC,0,SCR,75.636044,32.2593
12752,JAT NED HUMSAFAR,JALANDHAR CANT,JRC,0,SCR,75.632106,31.306235
12752,JAT NED HUMSAFAR,LUDHIANA JN,LDH,0,SCR,75.847873,30.912367
12752,JAT NED HUMSAFAR,MALERKOTLA,MET,0,SCR,75.871692,30.529403
12752,JAT NED HUMSAFAR,DHURI JN,DUI,0,SCR,75.866603,30.372741
12752,JAT NED HUMSAFAR,PATIALA,PTA,0,SCR,76.4041,30.344249
12752,JAT NED HUMSAFAR,RAJPURA JN,RPJ,0,SCR,76.59402019,30.48645895
12752,JAT NED HUMSAFAR,AMBALA CANT JN,UMB,0,SCR,76.826966,30.338918
12752,JAT NED HUMSAFAR,NEW DELHI,NDLS,0,SCR,77.220004,28.642314
12752,JAT NED HUMSAFAR,MATHURA JN,MTJ,0,SCR,77.673117,27.480145
12752,JAT NED HUMSAFAR,AGRA CANTT,AGC,0,SCR,77.990153,27.157992
12752,JAT NED HUMSAFAR,GWALIOR,GWL,0,SCR,78.182292,26.216483
12752,JAT NED HUMSAFAR,V LAKSHMIBAI JHANSI,VGLJ,0,SCR,78.5533,25.4439
12752,JAT NED HUMSAFAR,BINA JN,BINA,0,SCR,78.1831998,24.1709735
12752,JAT NED HUMSAFAR,RANI KAMLAPATI,RKMP,0,SCR,77.4401,23.2216
12752,JAT NED HUMSAFAR,ITARSI JN,ET,0,SCR,77.767128,22.608258
12752,JAT NED HUMSAFAR,KHANDWA,KNW,0,SCR,76.353227,21.823596
12752,JAT NED HUMSAFAR,MALKAPUR,MKU,0,SCR,76.202946,20.891974
12752,JAT NED HUMSAFAR,SHEGAON,SEG,0,SCR,76.690331,20.801724
12752,JAT NED HUMSAFAR,AKOLA JN,AK,0,SCR,77.005497,20.723084
12752,JAT NED HUMSAFAR,WASHIM,WHM,0,SCR,77.147986,20.103101
12752,JAT NED HUMSAFAR,HINGOLI DECCAN,HNL,0,SCR,77.146758,19.726357
12752,JAT NED HUMSAFAR,PURNA JN,PAU,0,SCR,77.024985,19.180527
12752,JAT NED HUMSAFAR,H SAHIB NANDED,NED,0,SCR,77.310478,19.160522
12997,BARMER HUMSAFAR,BANDRA TERMINUS,BDTS,0,WR,72.840535,19.061911
12997,BARMER HUMSAFAR,BORIVALI,BVI,0,WR,72.856412,19.228739
12997,BARMER HUMSAFAR,VAPI,VAPI,0,WR,72.909127,20.374338
12997,BARMER HUMSAFAR,VALSAD,BL,1,WR,72.9335291,20.6085595
12997,BARMER HUMSAFAR,UDHNA JN,UDN,15,WR,72.851461,21.171156
12997,BARMER HUMSAFAR,ANKLESHWAR JN,AKV,6,WR,73.000633,21.623889
12997,BARMER HUMSAFAR,VADODARA JN,BRC,1,WR,73.181065,22.310756
12997,BARMER HUMSAFAR,ANAND JN,ANND,10,WR,72.965733,22.561307
12997,BARMER HUMSAFAR,NADIAD JN,ND,12,WR,72.855718,22.694106
12997,BARMER HUMSAFAR,AHMEDABAD JN,ADI,3,WR,72.601516,23.025515
12997,BARMER HUMSAFAR,MAHESANA JN,MSH,3,WR,72.388708,23.602623
12997,BARMER HUMSAFAR,PATAN,PTN,1,WR,72.131672,23.853292
12997,BARMER HUMSAFAR,BHILDI,BLDI,1,WR,72.008187,24.194251
12997,BARMER HUMSAFAR,RANIWARA,RNV,5,WR,72.204293,24.750455
12997,BARMER HUMSAFAR,MARWAR BHINMAL,MBNL,3,WR,72.275398,25.000633
12997,BARMER HUMSAFAR,MODRAN,MON,5,WR,72.447631,25.187428
12997,BARMER HUMSAFAR,JALOR,JOR,7,WR,72.63429,25.35418
12997,BARMER HUMSAFAR,MOKALSAR,MKSR,9,WR,72.51804452,25.62535022
12997,BARMER HUMSAFAR,SAMDHARI JN,SMR,5,WR,72.573007,25.837202
12997,BARMER HUMSAFAR,BALOTRA JN,BLT,0,WR,72.248683,25.830071
12997,BARMER HUMSAFAR,BAYTU,BUT,7,WR,71.76868,25.897538
12998,BME BDTS HUMSAFAR,BARMER,BME,1,WR,71.397067,25.7445219
12998,BME BDTS HUMSAFAR,BAYTU,BUT,5,WR,71.76868,25.897538
12998,BME BDTS HUMSAFAR,BALOTRA JN,BLT,5,WR,72.248683,25.830071
12998,BME BDTS HUMSAFAR,SAMDHARI JN,SMR,20,WR,72.573007,25.837202
12998,BME BDTS HUMSAFAR,MOKALSAR,MKSR,5,WR,72.51804452,25.62535022
12998,BME BDTS HUMSAFAR,JALOR,JOR,5,WR,72.63429,25.35418
12998,BME BDTS HUMSAFAR,MODRAN,MON,8,WR,72.447631,25.187428
12998,BME BDTS HUMSAFAR,MARWAR BHINMAL,MBNL,6,WR,72.275398,25.000633
12998,BME BDTS HUMSAFAR,RANIWARA,RNV,4,WR,72.204293,24.750455
12998,BME BDTS HUMSAFAR,BHILDI,BLDI,6,WR,72.008187,24.194251
12998,BME BDTS HUMSAFAR,PATAN,PTN,15,WR,72.131672,23.853292
12998,BME BDTS HUMSAFAR,MAHESANA JN,MSH,17,WR,72.388708,23.602623
12998,BME BDTS HUMSAFAR,AHMEDABAD JN,ADI,26,WR,72.601516,23.025515
12998,BME BDTS HUMSAFAR,NADIAD JN,ND,10,WR,72.855718,22.694106
12998,BME BDTS HUMSAFAR,ANAND JN,ANND,14,WR,72.965733,22.561307
12998,BME BDTS HUMSAFAR,VADODARA JN,BRC,16,WR,73.181065,22.310756
12998,BME BDTS HUMSAFAR,ANKLESHWAR JN,AKV,19,WR,73.000633,21.623889
12998,BME BDTS HUMSAFAR,UDHNA JN,UDN,2,WR,72.851461,21.171156
12998,BME BDTS HUMSAFAR,VALSAD,BL,26,WR,72.9335291,20.6085595
12998,BME BDTS HUMSAFAR,VAPI,VAPI,29,WR,72.909127,20.374338
12998,BME BDTS HUMSAFAR,BORIVALI,BVI,8,WR,72.856412,19.228739
12998,BME BDTS HUMSAFAR,BANDRA TERMINUS,BDTS,8,WR,72.840535,19.061911
15705,CHAMPARAN HUMSFR,KATIHAR JN,KIR,0,ECR,87.566409,25.548947
15705,CHAMPARAN HUMSFR,NAUGACHIA,NNA,13,ECR,87.09387,25.385261
15705,CHAMPARAN HUMSFR,KHAGARIA JN,KGG,2,ECR,86.465251,25.505891
15705,CHAMPARAN HUMSFR,SAMASTIPUR JN,SPJ,8,ECR,85.78736,25.858304
15705,CHAMPARAN HUMSFR,MUZAFFARPUR JN,MFP,6,ECR,85.378006,26.122311
15705,CHAMPARAN HUMSFR,CHAKIA,CAA,12,ECR,85.04636,26.417182
15705,CHAMPARAN HUMSFR,BAPUDHAM MOTIHARI,BMKI,13,ECR,84.90529,26.655733
15705,CHAMPARAN HUMSFR,BETTIAH,BTH,16,ECR,84.5229561,26.8058847
15705,CHAMPARAN HUMSFR,NARKATIAGANJ JN,NKE,8,ECR,84.464045,27.105035
15705,CHAMPARAN HUMSFR,SISWA BAZAR,SBZ,6,ECR,83.75634907,27.14956695
15705,CHAMPARAN HUMSFR,GORAKHPUR JN,GKP,3,ECR,83.381499,26.759311
15705,CHAMPARAN HUMSFR,SIDDHARTH NAGAR,SDDN,15,ECR,,
15705,CHAMPARAN HUMSFR,TULSIPUR,TLR,32,ECR,82.41140968,27.53176993
15705,CHAMPARAN HUMSFR,BALRAMPUR,BLP,21,ECR,82.1606699,27.41582061
15705,CHAMPARAN HUMSFR,GONDA JN,GD,11,ECR,81.978152,27.154613
15705,CHAMPARAN HUMSFR,LUCKNOW NR,LKO,1,ECR,80.925291,26.830675
15705,CHAMPARAN HUMSFR,KANPUR CENTRAL,CNB,39,ECR,80.350966,26.45424
15705,CHAMPARAN HUMSFR,ALIGARH JN,ALJN,64,ECR,78.074559,27.889584
15705,CHAMPARAN HUMSFR,DELHI,DLI,84,ECR,77.228356,28.661816
15706,CHAMPARAN HMSFR,DELHI,DLI,17,NFR,77.228356,28.661816
15706,CHAMPARAN HMSFR,ALIGARH JN,ALJN,36,NFR,78.074559,27.889584
15706,CHAMPARAN HMSFR,KANPUR CENTRAL,CNB,20,NFR,80.350966,26.45424
15706,CHAMPARAN HMSFR,LUCKNOW NR,LKO,116,NFR,80.925291,26.830675
15706,CHAMPARAN HMSFR,GONDA JN,GD,123,NFR,81.978152,27.154613
15706,CHAMPARAN HMSFR,BALRAMPUR,BLP,124,NFR,82.1606699,27.41582061
15706,CHAMPARAN HMSFR,TULSIPUR,TLR,122,NFR,82.41140968,27.53176993
15706,CHAMPARAN HMSFR,SIDDHARTH NAGAR,SDDN,129,NFR,,
15706,CHAMPARAN HMSFR,GORAKHPUR JN,GKP,86,NFR,83.381499,26.759311
15706,CHAMPARAN HMSFR,SISWA BAZAR,SBZ,103,NFR,83.75634907,27.14956695
15706,CHAMPARAN HMSFR,NARKATIAGANJ JN,NKE,90,NFR,84.464045,27.105035
15706,CHAMPARAN HMSFR,BETTIAH,BTH,108,NFR,84.5229561,26.8058847
15706,CHAMPARAN HMSFR,BAPUDHAM MOTIHARI,BMKI,119,NFR,84.90529,26.655733
15706,CHAMPARAN HMSFR,CHAKIA,CAA,119,NFR,85.04636,26.417182
15706,CHAMPARAN HMSFR,MUZAFFARPUR JN,MFP,62,NFR,85.378006,26.122311
15706,CHAMPARAN HMSFR,SAMASTIPUR JN,SPJ,76,NFR,85.78736,25.858304
15706,CHAMPARAN HMSFR,KHAGARIA JN,KGG,55,NFR,86.465251,25.505891
15706,CHAMPARAN HMSFR,NAUGACHIA,NNA,55,NFR,87.09387,25.385261
15706,CHAMPARAN HMSFR,KATIHAR JN,KIR,12,NFR,87.566409,25.548947
16319,BAND HUMSAFAR,TRIVANDRUM NORTH,TVCN,8,SR,76.897,8.509
16319,BAND HUMSAFAR,KOLLAM JN,QLN,25,SR,76.596753,8.886586
16319,BAND HUMSAFAR,CHENGANNUR,CNGR,31,SR,76.608271,9.319504
16319,BAND HUMSAFAR,KOTTAYAM,KTYM,27,SR,76.532168,9.594177
16319,BAND HUMSAFAR,ERNAKULAM TOWN,ERN,9,SR,76.2861,9.991582
16319,BAND HUMSAFAR,THRISUR,TCR,12,SR,76.207919,10.51479
16319,BAND HUMSAFAR,PALAKKAD JN,PGT,15,SR,76.641926,10.802091
16319,BAND HUMSAFAR,COIMBATORE JN,CBE,7,SR,76.966298,10.997639
16319,BAND HUMSAFAR,ERODE JN,ED,18,SR,77.725934,11.327682
16319,BAND HUMSAFAR,SALEM JN,SA,15,SR,78.113415,11.671726
16319,BAND HUMSAFAR,BANGARAPET,BWT,7,SR,78.178188,12.984808
16319,BAND HUMSAFAR,KRISHNARAJAPURM,KJM,8,SR,77.674016,13.000534
16320,KCVL HUMSAFAR,SMVT BENGALURU,SMVB,3,SR,77.6418,13.0006
16320,KCVL HUMSAFAR,KRISHNARAJAPURM,KJM,8,SR,77.674016,13.000534
16320,KCVL HUMSAFAR,WHITEFIELD,WFD,11,SR,77.761305,12.995253
16320,KCVL HUMSAFAR,BANGARAPET,BWT,20,SR,78.178188,12.984808
16320,KCVL HUMSAFAR,SALEM JN,SA,15,SR,78.113415,11.671726
16320,KCVL HUMSAFAR,ERODE JN,ED,15,SR,77.725934,11.327682
16320,KCVL HUMSAFAR,COIMBATORE JN,CBE,8,SR,76.966298,10.997639
16320,KCVL HUMSAFAR,PALAKKAD JN,PGT,15,SR,76.641926,10.802091
16320,KCVL HUMSAFAR,THRISUR,TCR,9,SR,76.207919,10.51479
16320,KCVL HUMSAFAR,ERNAKULAM TOWN,ERN,1,SR,76.2861,9.991582
16320,KCVL HUMSAFAR,KOTTAYAM,KTYM,4,SR,76.532168,9.594177
16320,KCVL HUMSAFAR,CHENGANNUR,CNGR,3,SR,76.608271,9.319504
16320,KCVL HUMSAFAR,KOLLAM JN,QLN,26,SR,76.596753,8.886586
16320,KCVL HUMSAFAR,TRIVANDRUM NORTH,TVCN,8,SR,76.897,8.509
19091,GKP HUMSAFAR,BANDRA TERMINUS,BDTS,1,WR,72.840535,19.061911
19091,GKP HUMSAFAR,BORIVALI,BVI,9,WR,72.856412,19.228739
19091,GKP HUMSAFAR,VAPI,VAPI,3,WR,72.909127,20.374338
19091,GKP HUMSAFAR,SURAT,ST,7,WR,72.840793,21.206568
19091,GKP HUMSAFAR,VADODARA JN,BRC,1,WR,73.181065,22.310756
19091,GKP HUMSAFAR,DAHOD,DHD,0,WR,74.253374,22.843607
19091,GKP HUMSAFAR,RATLAM JN,RTM,1,WR,75.050826,23.34038
19091,GKP HUMSAFAR,NAGDA JN,NAD,0,WR,75.412491,23.45592
19091,GKP HUMSAFAR,UJJAIN JN,UJN,3,WR,75.781403,23.178154
19091,GKP HUMSAFAR,SHUJALPUR,SJP,0,WR,76.723475,23.381236
19091,GKP HUMSAFAR,SANT HIRDARAM NAGAR,SHRN,1,WR,,
19091,GKP HUMSAFAR,VIDISHA,BHS,21,WR,77.8148356,23.5222886
19091,GKP HUMSAFAR,BINA JN,BINA,2,WR,78.1831998,24.1709735
19091,GKP HUMSAFAR,SAUGOR,SGO,43,WR,78.74292,23.84735
19091,GKP HUMSAFAR,DAMOH,DMO,74,WR,79.432246,23.836693
19091,GKP HUMSAFAR,KATNI MURWARA,KMZ,103,WR,80.4014844,23.8343563
19091,GKP HUMSAFAR,MAIHAR,MYR,112,WR,80.763148,24.255485
19091,GKP HUMSAFAR,SATNA,STA,106,WR,80.827717,24.568619
19091,GKP HUMSAFAR,PRAYAGRAJ CHHEOKI,PCOI,57,WR,,
19091,GKP HUMSAFAR,VARANASI JN,BSB,3,WR,82.986468,25.327281
19091,GKP HUMSAFAR,MAU JN,MAU,195,WR,83.564347,25.93948
19091,GKP HUMSAFAR,BHATNI JN,BTT,197,WR,83.934035,26.381257
19091,GKP HUMSAFAR,DEORIA SADAR,DEOS,200,WR,83.7819591,26.50768117
19091,GKP HUMSAFAR,GORAKHPUR JN,GKP,166,WR,83.381499,26.759311
19092,BDTS HUMSFAR SPL,GORAKHPUR JN,GKP,69,WR,83.381499,26.759311
19092,BDTS HUMSFAR SPL,DEORIA SADAR,DEOS,78,WR,83.7819591,26.50768117
19092,BDTS HUMSFAR SPL,BHATNI JN,BTT,84,WR,83.934035,26.381257
19092,BDTS HUMSFAR SPL,MAU JN,MAU,115,WR,83.564347,25.93948
19092,BDTS HUMSFAR SPL,VARANASI JN,BSB,346,WR,82.986468,25.327281
19092,BDTS HUMSFAR SPL,PRAYAGRAJ CHHEOKI,PCOI,371,WR,,
19092,BDTS HUMSFAR SPL,SATNA,STA,400,WR,80.827717,24.568619
19092,BDTS HUMSFAR SPL,MAIHAR,MYR,398,WR,80.763148,24.255485
19092,BDTS HUMSFAR SPL,KATNI MURWARA,KMZ,413,WR,80.4014844,23.8343563
19092,BDTS HUMSFAR SPL,DAMOH,DMO,428,WR,79.432246,23.836693
19092,BDTS HUMSFAR SPL,SAUGOR,SGO,433,WR,78.74292,23.84735
19092,BDTS HUMSFAR SPL,BINA JN,BINA,385,WR,78.1831998,24.1709735
19092,BDTS HUMSFAR SPL,VIDISHA,BHS,407,WR,77.8148356,23.5222886
19092,BDTS HUMSFAR SPL,SANT HIRDARAM NAGAR,SHRN,406,WR,,
19092,BDTS HUMSFAR SPL,SHUJALPUR,SJP,412,WR,76.723475,23.381236
19092,BDTS HUMSFAR SPL,UJJAIN JN,UJN,380,WR,75.781403,23.178154
19092,BDTS HUMSFAR SPL,NAGDA JN,NAD,372,WR,75.412491,23.45592
19092,BDTS HUMSFAR SPL,RATLAM JN,RTM,345,WR,75.050826,23.34038
19092,BDTS HUMSFAR SPL,DAHOD,DHD,348,WR,74.253374,22.843607
19092,BDTS HUMSFAR SPL,VADODARA JN,BRC,292,WR,73.181065,22.310756
19092,BDTS HUMSFAR SPL,UDHNA JN,UDN,306,WR,72.851461,21.171156
19092,BDTS HUMSFAR SPL,VAPI,VAPI,327,WR,72.909127,20.374338
19092,BDTS HUMSFAR SPL,BORIVALI,BVI,344,WR,72.856412,19.228739
19092,BDTS HUMSFAR SPL,BANDRA TERMINUS,BDTS,313,WR,72.840535,19.061911
19667,MYS HUMSAFAR EXP,UDAIPUR CITY,UDZ,1,NWR,73.699632,24.566862
19667,MYS HUMSAFAR EXP,CHITTAURGARH,COR,2,NWR,74.623687,24.874341
19667,MYS HUMSAFAR EXP,NIMACH,NMH,0,NWR,74.853025,24.459873
19667,MYS HUMSAFAR EXP,MANDASOR,MDS,9,NWR,75.076343,24.075937
19667,MYS HUMSAFAR EXP,RATLAM JN,RTM,0,NWR,75.050826,23.34038
19667,MYS HUMSAFAR EXP,VADODARA JN,BRC,9,NWR,73.181065,22.310756
19667,MYS HUMSAFAR EXP,UDHNA JN,UDN,3,NWR,72.851461,21.171156
19667,MYS HUMSAFAR EXP,VASAI ROAD,BSR,16,NWR,72.8322217,19.3824486
19667,MYS HUMSAFAR EXP,KALYAN JN,KYN,1,NWR,73.12974,19.234716
19667,MYS HUMSAFAR EXP,PUNE JN,PUNE,15,NWR,73.873086,18.529378
19667,MYS HUMSAFAR EXP,SANGLI,SLI,8,NWR,74.588939,16.858669
19667,MYS HUMSAFAR EXP,MIRAJ JN,MRJ,1,NWR,74.638839,16.819946
19667,MYS HUMSAFAR EXP,BELAGAVI,BGM,1,NWR,74.5095639,15.8492433
19667,MYS HUMSAFAR EXP,HUBBALLI JN,UBL,10,NWR,75.148104,15.350302
19667,MYS HUMSAFAR EXP,DAVANGERE,DVG,5,NWR,75.92229,14.467834
19667,MYS HUMSAFAR EXP,KSR BANGALORE CY JN,SBC,17,NWR,77.568083,12.977595
19667,MYS HUMSAFAR EXP,MANDYA,MYA,28,NWR,76.897256,12.529176
19668,UDZ HUMSAFAR EXP,MYSORE JN,MYS,1,NWR,76.646013,12.318946
19668,UDZ HUMSAFAR EXP,MANDYA,MYA,10,NWR,76.897256,12.529176
19668,UDZ HUMSAFAR EXP,KSR BANGALORE CY JN,SBC,36,NWR,77.568083,12.977595
19668,UDZ HUMSAFAR EXP,TUMKUR,TK,3,NWR,77.102439,13.333033
19668,UDZ HUMSAFAR EXP,DAVANGERE,DVG,23,NWR,75.92229,14.467834
19668,UDZ HUMSAFAR EXP,HUBBALLI JN,UBL,1,NWR,75.148104,15.350302
19668,UDZ HUMSAFAR EXP,BELAGAVI,BGM,10,NWR,74.5095639,15.8492433
19668,UDZ HUMSAFAR EXP,MIRAJ JN,MRJ,9,NWR,74.638839,16.819946
19668,UDZ HUMSAFAR EXP,SANGLI,SLI,14,NWR,74.588939,16.858669
19668,UDZ HUMSAFAR EXP,PUNE JN,PUNE,5,NWR,73.873086,18.529378
19668,UDZ HUMSAFAR EXP,KALYAN JN,KYN,5,NWR,73.12974,19.234716
19668,UDZ HUMSAFAR EXP,VASAI ROAD,BSR,13,NWR,72.8322217,19.3824486
19668,UDZ HUMSAFAR EXP,UDHNA JN,UDN,8,NWR,72.851461,21.171156
19668,UDZ HUMSAFAR EXP,VADODARA JN,BRC,17,NWR,73.181065,22.310756
19668,UDZ HUMSAFAR EXP,RATLAM JN,RTM,18,NWR,75.050826,23.34038
19668,UDZ HUMSAFAR EXP,MANDASOR,MDS,48,NWR,75.076343,24.075937
19668,UDZ HUMSAFAR EXP,NIMACH,NMH,39,NWR,74.853025,24.459873
19668,UDZ HUMSAFAR EXP,CHITTAURGARH,COR,17,NWR,74.623687,24.874341
19669,PPTA HUMSAFAR,UDAIPUR CITY,UDZ,1,NWR,73.699632,24.566862
19669,PPTA HUMSAFAR,MAVLI JN,MVJ,2,NWR,73.973721,24.794585
19669,PPTA HUMSAFAR,CHANDERIYA,CNA,1,NWR,74.629979,24.939558
19669,PPTA HUMSAFAR,BUNDI,BUDI,0,NWR,75.650699,25.407922
19669,PPTA HUMSAFAR,KOTA JN,KOTA,12,NWR,75.8805,25.223553
19669,PPTA HUMSAFAR,SAWAI MADHOPUR,SWM,16,NWR,76.35622,26.018279
19669,PPTA HUMSAFAR,BHARATPUR JN,BTE,1,NWR,77.488613,27.237107
19669,PPTA HUMSAFAR,MATHURA JN,MTJ,7,NWR,77.673117,27.480145
19669,PPTA HUMSAFAR,HATHRAS CITY,HTC,23,NWR,78.0550687,27.5998169
19669,PPTA HUMSAFAR,KASGANJ,KSJ,34,NWR,78.646026,27.801887
19669,PPTA HUMSAFAR,FARRUKHABAD,FBD,23,NWR,79.571737,27.38236
19669,PPTA HUMSAFAR,KANNAUJ,KJN,0,NWR,79.926109,27.026507
19669,PPTA HUMSAFAR,KANPUR CENTRAL,CNB,1,NWR,80.350966,26.45424
19669,PPTA HUMSAFAR,LUCKNOW NR,LKO,36,NWR,80.925291,26.830675
19669,PPTA HUMSAFAR,NIHALGARH,NHH,22,NWR,81.632581,26.460131
19669,PPTA HUMSAFAR,SULTANPUR,SLN,7,NWR,82.066106,26.263027
19669,PPTA HUMSAFAR,VARANASI JN,BSB,35,NWR,82.986468,25.327281
19669,PPTA HUMSAFAR,PT DEEN DAYAL UPADHYAY JN,DDU,23,NWR,,
19669,PPTA HUMSAFAR,BUXAR,BXR,13,NWR,83.982184,25.562067
19669,PPTA HUMSAFAR,ARA,ARA,21,NWR,84.662596,25.548889
19669,PPTA HUMSAFAR,DANAPUR,DNR,31,NWR,85.044629,25.581921
19670,HUMSAFAR EXPRESS,PATLIPUTRA,PPTA,0,NWR,85.068505,25.621426
19670,HUMSAFAR EXPRESS,DANAPUR,DNR,2,NWR,85.044629,25.581921
19670,HUMSAFAR EXPRESS,ARA,ARA,18,NWR,84.662596,25.548889
19670,HUMSAFAR EXPRESS,BUXAR,BXR,25,NWR,83.982184,25.562067
19670,HUMSAFAR EXPRESS,PT DEEN DAYAL UPADHYAY JN,DDU,1,NWR,,
19670,HUMSAFAR EXPRESS,VARANASI JN,BSB,2,NWR,82.986468,25.327281
19670,HUMSAFAR EXPRESS,SULTANPUR,SLN,0,NWR,82.066106,26.263027
19670,HUMSAFAR EXPRESS,NIHALGARH,NHH,0,NWR,81.632581,26.460131
19670,HUMSAFAR EXPRESS,LUCKNOW NR,LKO,5,NWR,80.925291,26.830675
19670,HUMSAFAR EXPRESS,KANPUR CENTRAL,CNB,61,NWR,80.350966,26.45424
19670,HUMSAFAR EXPRESS,KANNAUJ,KJN,75,NWR,79.926109,27.026507
19670,HUMSAFAR EXPRESS,FARRUKHABAD,FBD,60,NWR,79.571737,27.38236
19670,HUMSAFAR EXPRESS,KASGANJ,KSJ,57,NWR,78.646026,27.801887
19670,HUMSAFAR EXPRESS,HATHRAS CITY,HTC,57,NWR,78.0550687,27.5998169
19670,HUMSAFAR EXPRESS,MATHURA JN,MTJ,23,NWR,77.673117,27.480145
19670,HUMSAFAR EXPRESS,BHARATPUR JN,BTE,0,NWR,77.488613,27.237107
19670,HUMSAFAR EXPRESS,SAWAI MADHOPUR,SWM,5,NWR,76.35622,26.018279
19670,HUMSAFAR EXPRESS,KOTA JN,KOTA,50,NWR,75.8805,25.223553
19670,HUMSAFAR EXPRESS,BUNDI,BUDI,53,NWR,75.650699,25.407922
19670,HUMSAFAR EXPRESS,CHANDERIYA,CNA,3,NWR,74.629979,24.939558
19670,HUMSAFAR EXPRESS,MAVLI JN,MVJ,4,NWR,73.973721,24.794585
20481,TPJ SF HUMSAFAR,JODHPUR JN,JU,0,NWR,73.02319,26.283765
20481,TPJ SF HUMSAFAR,JAIPUR,JP,6,NWR,75.786923,26.920203
20481,TPJ SF HUMSAFAR,SAWAI MADHOPUR,SWM,1,NWR,76.35622,26.018279
20481,TPJ SF HUMSAFAR,SOGARIA,SGAC,0,NWR,75.900221,25.230055
20481,TPJ SF HUMSAFAR,GUNA,GUNA,5,NWR,77.314104,24.6405
20481,TPJ SF HUMSAFAR,ASHOK NAGAR,ASKN,7,NWR,77.726725,24.58015
20481,TPJ SF HUMSAFAR,BINA JN,BINA,14,NWR,78.1831998,24.1709735
20481,TPJ SF HUMSAFAR,BHOPAL JN,BPL,1,NWR,77.41314286,23.26688438
20481,TPJ SF HUMSAFAR,ITARSI JN,ET,6,NWR,77.767128,22.608258
20481,TPJ SF HUMSAFAR,NAGPUR,NGP,13,NWR,79.089004,21.153567
20481,TPJ SF HUMSAFAR,BALHARSHAH,BPQ,1,NWR,79.3485858,19.8490173
20481,TPJ SF HUMSAFAR,WARANGAL,WL,20,NWR,79.604929,17.972477
20481,TPJ SF HUMSAFAR,VIJAYAWADA JN,BZA,15,NWR,80.618648,16.518262
20481,TPJ SF HUMSAFAR,GUDUR JN,GDR,10,NWR,79.845121,14.148227
20481,TPJ SF HUMSAFAR,CHENNAI EGMORE,MS,14,NWR,80.260193,13.077678
20481,TPJ SF HUMSAFAR,TAMBARAM,TBM,20,NWR,80.11915738,12.92603569
20481,TPJ SF HUMSAFAR,CHENGALPATTU,CGL,23,NWR,79.981519,12.692864
20481,TPJ SF HUMSAFAR,VILLUPURAM JN,VM,5,NWR,79.500101,11.942971
20481,TPJ SF HUMSAFAR,ARIYALUR,ALU,16,NWR,79.068318,11.150035
20482,BGKT HUMSAFAR,TIRUCHCHIRAPALI,TPJ,1,NWR,78.685355,10.794067
20482,BGKT HUMSAFAR,ARIYALUR,ALU,15,NWR,79.068318,11.150035
20482,BGKT HUMSAFAR,VILLUPURAM JN,VM,2,NWR,79.500101,11.942971
20482,BGKT HUMSAFAR,CHENGALPATTU,CGL,6,NWR,79.981519,12.692864
20482,BGKT HUMSAFAR,TAMBARAM,TBM,46,NWR,80.11915738,12.92603569
20482,BGKT HUMSAFAR,CHENNAI EGMORE,MS,37,NWR,80.260193,13.077678
20482,BGKT HUMSAFAR,GUDUR JN,GDR,70,NWR,79.845121,14.148227
20482,BGKT HUMSAFAR,VIJAYAWADA JN,BZA,35,NWR,80.618648,16.518262
20482,BGKT HUMSAFAR,WARANGAL,WL,65,NWR,79.604929,17.972477
20482,BGKT HUMSAFAR,BALHARSHAH,BPQ,12,NWR,79.3485858,19.8490173
20482,BGKT HUMSAFAR,NAGPUR,NGP,12,NWR,79.089004,21.153567
20482,BGKT HUMSAFAR,ITARSI JN,ET,15,NWR,77.767128,22.608258
20482,BGKT HUMSAFAR,BHOPAL JN,BPL,59,NWR,77.41314286,23.26688438
20482,BGKT HUMSAFAR,BINA JN,BINA,36,NWR,78.1831998,24.1709735
20482,BGKT HUMSAFAR,MUNGAOLI,MNV,47,NWR,78.11099,24.402175
20482,BGKT HUMSAFAR,ASHOK NAGAR,ASKN,47,NWR,77.726725,24.58015
20482,BGKT HUMSAFAR,GUNA,GUNA,31,NWR,77.314104,24.6405
20482,BGKT HUMSAFAR,SOGARIA,SGAC,0,NWR,75.900221,25.230055
20482,BGKT HUMSAFAR,SAWAI MADHOPUR,SWM,2,NWR,76.35622,26.018279
20482,BGKT HUMSAFAR,JAIPUR,JP,2,NWR,75.786923,26.920203
20497,FZR HUMSAFAR,RAMESWARAM,RMM,0,NWR,79.306787,9.280973
20497,FZR HUMSAFAR,MANDAPAM,MMM,0,NWR,79.157354,9.280516
20497,FZR HUMSAFAR,RAMANATHAPURAM,RMD,7,NWR,78.836862,9.358387
20497,FZR HUMSAFAR,MANAMADURAI JN,MNM,13,NWR,78.45351,9.681539
20497,FZR HUMSAFAR,PUDUKKOTTAI,PDKT,18,NWR,78.801946,10.372457
20497,FZR HUMSAFAR,TIRUCHCHIRAPALI,TPJ,7,NWR,78.685355,10.794067
20497,FZR HUMSAFAR,ARIYALUR,ALU,19,NWR,79.068318,11.150035
20497,FZR HUMSAFAR,VILLUPURAM JN,VM,12,NWR,79.500101,11.942971
20497,FZR HUMSAFAR,CHENGALPATTU,CGL,25,NWR,79.981519,12.692864
20497,FZR HUMSAFAR,CHENNAI EGMORE,MS,18,NWR,80.260193,13.077678
20497,FZR HUMSAFAR,GUDUR JN,GDR,33,NWR,79.845121,14.148227
20497,FZR HUMSAFAR,NELLORE,NLR,45,NWR,79.989383,14.460592
20497,FZR HUMSAFAR,VIJAYAWADA JN,BZA,29,NWR,80.618648,16.518262
20497,FZR HUMSAFAR,WARANGAL,WL,56,NWR,79.604929,17.972477
20497,FZR HUMSAFAR,BALHARSHAH,BPQ,6,NWR,79.3485858,19.8490173
20497,FZR HUMSAFAR,CHANDRAPUR,CD,9,NWR,79.300505,19.960126
20497,FZR HUMSAFAR,NAGPUR,NGP,57,NWR,79.089004,21.153567
20497,FZR HUMSAFAR,BETUL,BZU,71,NWR,77.905897,21.896393
20497,FZR HUMSAFAR,ITARSI JN,ET,2,NWR,77.767128,22.608258
20497,FZR HUMSAFAR,BHOPAL JN,BPL,7,NWR,77.41314286,23.26688438
20497,FZR HUMSAFAR,MAKSI,MKC,0,NWR,76.159116,23.251625
20497,FZR HUMSAFAR,DEWAS,DWX,8,NWR,76.051191,22.977556
20497,FZR HUMSAFAR,LAKSHMIBAI NGR,LMNR,16,NWR,75.858526,22.742296
20497,FZR HUMSAFAR,JN,FTD,0,NWR,75.673338,23.009106
20497,FZR HUMSAFAR,RATLAM JN,RTM,13,NWR,75.050826,23.34038
20497,FZR HUMSAFAR,MANDASOR,MDS,50,NWR,75.076343,24.075937
20497,FZR HUMSAFAR,NIMACH,NMH,41,NWR,74.853025,24.459873
20497,FZR HUMSAFAR,CHITTAURGARH,COR,8,NWR,74.623687,24.874341
20497,FZR HUMSAFAR,BHILWARA,BHL,0,NWR,74.6307734,25.3435508
20497,FZR HUMSAFAR,AJMER JN,AII,5,NWR,74.637464,26.456612
20497,FZR HUMSAFAR,KISHANGARH,KSG,1,NWR,74.855553,26.588968
20497,FZR HUMSAFAR,JAIPUR,JP,0,NWR,75.786923,26.920203
20497,FZR HUMSAFAR,RINGAS JN,RGS,3,NWR,75.563604,27.373379
20497,FZR HUMSAFAR,SIKAR JN,SIKR,0,NWR,75.153378,27.616275
20497,FZR HUMSAFAR,CHURU,CUR,23,NWR,74.966203,28.288281
20497,FZR HUMSAFAR,SADULPUR JN,SDLP,19,NWR,75.386989,28.631138
20497,FZR HUMSAFAR,TAHSIL BHADRA,TSD,18,NWR,75.16145412,29.10143616
20497,FZR HUMSAFAR,NOHAR,NHR,44,NWR,74.77362782,29.19256274
20497,FZR HUMSAFAR,ELLENABAD,ENB,40,NWR,74.65793411,29.44410399
20497,FZR HUMSAFAR,HANUMANGARH JN,HMH,13,NWR,74.297633,29.614904
20497,FZR HUMSAFAR,SANGARIA,SGRA,11,NWR,74.466053,29.792508
20497,FZR HUMSAFAR,MANDI DABWALI,MBY,25,NWR,74.700155,29.966227
20497,FZR HUMSAFAR,BHATINDA JN,BTI,0,NWR,74.932083,30.209488
20498,FZR RMM HUMSAFAR,FIROZPUR CANT,FZR,20,NWR,74.618439,30.942486
20498,FZR RMM HUMSAFAR,BHATINDA JN,BTI,0,NWR,74.932083,30.209488
20498,FZR RMM HUMSAFAR,MANDI DABWALI,MBY,29,NWR,74.700155,29.966227
20498,FZR RMM HUMSAFAR,SANGARIA,SGRA,39,NWR,74.466053,29.792508
20498,FZR RMM HUMSAFAR,HANUMANGARH JN,HMH,33,NWR,74.297633,29.614904
20498,FZR RMM HUMSAFAR,ELLENABAD,ENB,33,NWR,74.65793411,29.44410399
20498,FZR RMM HUMSAFAR,NOHAR,NHR,34,NWR,74.77362782,29.19256274
20498,FZR RMM HUMSAFAR,TAHSIL BHADRA,TSD,37,NWR,75.16145412,29.10143616
20498,FZR RMM HUMSAFAR,SADULPUR JN,SDLP,33,NWR,75.386989,28.631138
20498,FZR RMM HUMSAFAR,CHURU,CUR,10,NWR,74.966203,28.288281
20498,FZR RMM HUMSAFAR,SIKAR JN,SIKR,12,NWR,75.153378,27.616275
20498,FZR RMM HUMSAFAR,RINGAS JN,RGS,9,NWR,75.563604,27.373379
20498,FZR RMM HUMSAFAR,JAIPUR,JP,1,NWR,75.786923,26.920203
20498,FZR RMM HUMSAFAR,KISHANGARH,KSG,0,NWR,74.855553,26.588968
20498,FZR RMM HUMSAFAR,AJMER JN,AII,0,NWR,74.637464,26.456612
20498,FZR RMM HUMSAFAR,BHILWARA,BHL,1,NWR,74.6307734,25.3435508
20498,FZR RMM HUMSAFAR,CHITTAURGARH,COR,0,NWR,74.623687,24.874341
20498,FZR RMM HUMSAFAR,NIMACH,NMH,1,NWR,74.853025,24.459873
20498,FZR RMM HUMSAFAR,MANDASOR,MDS,25,NWR,75.076343,24.075937
20498,FZR RMM HUMSAFAR,RATLAM JN,RTM,7,NWR,75.050826,23.34038
20498,FZR RMM HUMSAFAR,JN,FTD,10,NWR,75.673338,23.009106
20498,FZR RMM HUMSAFAR,LAKSHMIBAI NGR,LMNR,19,NWR,75.858526,22.742296
20498,FZR RMM HUMSAFAR,DEWAS,DWX,18,NWR,76.051191,22.977556
20498,FZR RMM HUMSAFAR,MAKSI,MKC,5,NWR,76.159116,23.251625
20498,FZR RMM HUMSAFAR,BHOPAL JN,BPL,10,NWR,77.41314286,23.26688438
20498,FZR RMM HUMSAFAR,ITARSI JN,ET,1,NWR,77.767128,22.608258
20498,FZR RMM HUMSAFAR,BETUL,BZU,20,NWR,77.905897,21.896393
20498,FZR RMM HUMSAFAR,NAGPUR,NGP,0,NWR,79.089004,21.153567
20498,FZR RMM HUMSAFAR,CHANDRAPUR,CD,39,NWR,79.300505,19.960126
20498,FZR RMM HUMSAFAR,BALHARSHAH,BPQ,7,NWR,79.3485858,19.8490173
20498,FZR RMM HUMSAFAR,WARANGAL,WL,56,NWR,79.604929,17.972477
20498,FZR RMM HUMSAFAR,VIJAYAWADA JN,BZA,28,NWR,80.618648,16.518262
20498,FZR RMM HUMSAFAR,NELLORE,NLR,45,NWR,79.989383,14.460592
20498,FZR RMM HUMSAFAR,GUDUR JN,GDR,23,NWR,79.845121,14.148227
20498,FZR RMM HUMSAFAR,CHENNAI EGMORE,MS,29,NWR,80.260193,13.077678
20498,FZR RMM HUMSAFAR,CHENGALPATTU,CGL,28,NWR,79.981519,12.692864
20498,FZR RMM HUMSAFAR,VILLUPURAM JN,VM,2,NWR,79.500101,11.942971
20498,FZR RMM HUMSAFAR,ARIYALUR,ALU,8,NWR,79.068318,11.150035
20498,FZR RMM HUMSAFAR,TIRUCHCHIRAPALI,TPJ,29,NWR,78.685355,10.794067
20498,FZR RMM HUMSAFAR,PUDUKKOTTAI,PDKT,52,NWR,78.801946,10.372457
20498,FZR RMM HUMSAFAR,MANAMADURAI JN,MNM,38,NWR,78.45351,9.681539
20498,FZR RMM HUMSAFAR,RAMANATHAPURAM,RMD,67,NWR,78.836862,9.358387
20498,FZR RMM HUMSAFAR,RAMESWARAM,RMM,0,NWR,79.306787,9.280973
20821,PUNE SRC HUMSAFR,PUNE JN,PUNE,875,SER,73.873086,18.529378
20821,PUNE SRC HUMSAFR,PANVEL,PNVL,902,SER,73.121756,18.990919
20821,PUNE SRC HUMSAFR,KALYAN JN,KYN,909,SER,73.12974,19.234716
20821,PUNE SRC HUMSAFR,BHUSAVAL JN,BSL,928,SER,75.7886717,21.0472812
20821,PUNE SRC HUMSAFR,NAGPUR,NGP,967,SER,79.089004,21.153567
20821,PUNE SRC HUMSAFR,GONDIA JN,G,992,SER,80.190842,21.462435
20821,PUNE SRC HUMSAFR,DURG,DURG,970,SER,81.291837,21.200327
20821,PUNE SRC HUMSAFR,RAIPUR JN,R,974,SER,81.629328,21.256462
20821,PUNE SRC HUMSAFR,BILASPUR JN,BSP,981,SER,82.167585,22.057473
20821,PUNE SRC HUMSAFR,JHARSUGUDA JN,JSG,1059,SER,84.017427,21.862274
20821,PUNE SRC HUMSAFR,ROURKELA,ROU,1077,SER,84.863132,22.22844
20821,PUNE SRC HUMSAFR,CHAKRADHARPUR,CKP,1091,SER,85.627771,22.678979
20821,PUNE SRC HUMSAFR,TATANAGAR JN,TATA,1127,SER,86.20056,22.768954
20821,PUNE SRC HUMSAFR,KHARAGPUR JN,KGP,1185,SER,87.328456,22.341432
20821,PUNE SRC HUMSAFR,SANTRAGACHI JN,SRC,1238,SER,88.284011,22.58393
20822,PUNE HUMSAFAR,SANTRAGACHI JN,SRC,374,SER,88.284011,22.58393
20822,PUNE HUMSAFAR,KHARAGPUR JN,KGP,447,SER,87.328456,22.341432
20822,PUNE HUMSAFAR,TATANAGAR JN,TATA,477,SER,86.20056,22.768954
20822,PUNE HUMSAFAR,CHAKRADHARPUR,CKP,507,SER,85.627771,22.678979
20822,PUNE HUMSAFAR,ROURKELA,ROU,543,SER,84.863132,22.22844
20822,PUNE HUMSAFAR,JHARSUGUDA JN,JSG,582,SER,84.017427,21.862274
20822,PUNE HUMSAFAR,BILASPUR JN,BSP,648,SER,82.167585,22.057473
20822,PUNE HUMSAFAR,RAIPUR JN,R,673,SER,81.629328,21.256462
20822,PUNE HUMSAFAR,DURG,DURG,661,SER,81.291837,21.200327
20822,PUNE HUMSAFAR,GONDIA JN,G,682,SER,80.190842,21.462435
20822,PUNE HUMSAFAR,NAGPUR,NGP,716,SER,79.089004,21.153567
20822,PUNE HUMSAFAR,BHUSAVAL JN,BSL,724,SER,75.7886717,21.0472812
20822,PUNE HUMSAFAR,KALYAN JN,KYN,802,SER,73.12974,19.234716
20822,PUNE HUMSAFAR,PANVEL,PNVL,805,SER,73.121756,18.990919
20822,PUNE HUMSAFAR,PUNE JN,PUNE,802,SER,73.873086,18.529378
20827,JBP SRC HUMSAFR,JABALPUR,JBP,441,SER,79.950919,23.164636
20827,JBP SRC HUMSAFR,KATNI SOUTH,KTES,498,SER,80.401113,23.824725
20827,JBP SRC HUMSAFR,SHAHDOL,SDL,481,SER,81.364073,23.285962
20827,JBP SRC HUMSAFR,ANUPPUR JN,APR,476,SER,81.695967,23.117312
20827,JBP SRC HUMSAFR,BILASPUR JN,BSP,536,SER,82.167585,22.057473
20827,JBP SRC HUMSAFR,RAIGARH,RIG,592,SER,83.39067,21.891289
20827,JBP SRC HUMSAFR,JHARSUGUDA JN,JSG,606,SER,84.017427,21.862274
20827,JBP SRC HUMSAFR,ROURKELA,ROU,737,SER,84.863132,22.22844
20827,JBP SRC HUMSAFR,CHAKRADHARPUR,CKP,775,SER,85.627771,22.678979
20827,JBP SRC HUMSAFR,TATANAGAR JN,TATA,865,SER,86.20056,22.768954
20827,JBP SRC HUMSAFR,KHARAGPUR JN,KGP,966,SER,87.328456,22.341432
20827,JBP SRC HUMSAFR,SANTRAGACHI JN,SRC,951,SER,88.284011,22.58393
20828,HUMSAFAR EXP,SANTRAGACHI JN,SRC,429,SER,88.284011,22.58393
20828,HUMSAFAR EXP,KHARAGPUR JN,KGP,503,SER,87.328456,22.341432
20828,HUMSAFAR EXP,TATANAGAR JN,TATA,516,SER,86.20056,22.768954
20828,HUMSAFAR EXP,CHAKRADHARPUR,CKP,537,SER,85.627771,22.678979
20828,HUMSAFAR EXP,ROURKELA,ROU,603,SER,84.863132,22.22844
20828,HUMSAFAR EXP,JHARSUGUDA JN,JSG,615,SER,84.017427,21.862274
20828,HUMSAFAR EXP,RAIGARH,RIG,643,SER,83.39067,21.891289
20828,HUMSAFAR EXP,BILASPUR JN,BSP,647,SER,82.167585,22.057473
20828,HUMSAFAR EXP,ANUPPUR JN,APR,663,SER,81.695967,23.117312
20828,HUMSAFAR EXP,SHAHDOL,SDL,664,SER,81.364073,23.285962
20828,HUMSAFAR EXP,KATNI SOUTH,KTES,698,SER,80.401113,23.824725
20828,HUMSAFAR EXP,JABALPUR,JBP,663,SER,79.950919,23.164636
20889,HUMSAFAR EXP,HOWRAH JN,HWH,217,SER,88.340999,22.584078
20889,HUMSAFAR EXP,KHARAGPUR JN,KGP,236,SER,87.328456,22.341432
20889,HUMSAFAR EXP,CUTTACK,CTC,288,SER,85.90156,20.466588
20889,HUMSAFAR EXP,BHUBANESWAR,BBS,316,SER,85.842595,20.265388
20889,HUMSAFAR EXP,VIZIANAGRAM JN,VZM,263,SER,83.395586,18.111374
20889,HUMSAFAR EXP,VISHAKAPATNAM,VSKP,286,SER,83.289514,17.72159
20889,HUMSAFAR EXP,RAJAMUNDRY,RJY,332,SER,81.783901,16.984159
20889,HUMSAFAR EXP,VIJAYAWADA JN,BZA,325,SER,80.618648,16.518262
20889,HUMSAFAR EXP,ONGOLE,OGL,315,SER,80.057404,15.498064
20889,HUMSAFAR EXP,NELLORE,NLR,321,SER,79.989383,14.460592
20889,HUMSAFAR EXP,RENIGUNTA JN,RU,311,SER,79.50629,13.636261
20889,HUMSAFAR EXP,TIRUPATI,TPTY,289,SER,79.418968,13.62763
20890,HWH HUMSAFAR SF,TIRUPATI,TPTY,297,SER,79.418968,13.62763
20890,HWH HUMSAFAR SF,RENIGUNTA JN,RU,314,SER,79.50629,13.636261
20890,HWH HUMSAFAR SF,NELLORE,NLR,278,SER,79.989383,14.460592
20890,HWH HUMSAFAR SF,ONGOLE,OGL,312,SER,80.057404,15.498064
20890,HWH HUMSAFAR SF,VIJAYAWADA JN,BZA,318,SER,80.618648,16.518262
20890,HWH HUMSAFAR SF,RAJAMUNDRY,RJY,342,SER,81.783901,16.984159
20890,HWH HUMSAFAR SF,VISHAKAPATNAM,VSKP,272,SER,83.289514,17.72159
20890,HWH HUMSAFAR SF,VIZIANAGRAM JN,VZM,280,SER,83.395586,18.111374
20890,HWH HUMSAFAR SF,BHUBANESWAR,BBS,331,SER,85.842595,20.265388
20890,HWH HUMSAFAR SF,CUTTACK,CTC,329,SER,85.90156,20.466588
20890,HWH HUMSAFAR SF,KHARAGPUR JN,KGP,417,SER,87.328456,22.341432
20890,HWH HUMSAFAR SF,HOWRAH JN,HWH,410,SER,88.340999,22.584078
20915,LPI INDB HUMSAFR,LINGAMPALLI,LPI,0,WR,78.316774,17.482874
20915,LPI INDB HUMSAFR,VIKARABAD JN,VKB,22,WR,77.909409,17.337132
20915,LPI INDB HUMSAFR,KALABURAGI JN,KLBG,34,WR,,
20915,LPI INDB HUMSAFR,SOLAPUR JN,SUR,14,WR,75.893401,17.664496
20915,LPI INDB HUMSAFR,PUNE JN,PUNE,4,WR,73.873086,18.529378
20915,LPI INDB HUMSAFR,PANVEL,PNVL,31,WR,73.121756,18.990919
20915,LPI INDB HUMSAFR,VASAI ROAD,BSR,22,WR,72.8322217,19.3824486
20915,LPI INDB HUMSAFR,SURAT,ST,14,WR,72.840793,21.206568
20915,LPI INDB HUMSAFR,VADODARA JN,BRC,26,WR,73.181065,22.310756
20915,LPI INDB HUMSAFR,RATLAM JN,RTM,17,WR,75.050826,23.34038
20915,LPI INDB HUMSAFR,UJJAIN JN,UJN,6,WR,75.781403,23.178154
20916,INDB LPI HUMSAFR,INDORE JN BG,INDB,0,WR,75.868429,22.71757
20916,INDB LPI HUMSAFR,UJJAIN JN,UJN,1,WR,75.781403,23.178154
20916,INDB LPI HUMSAFR,RATLAM JN,RTM,9,WR,75.050826,23.34038
20916,INDB LPI HUMSAFR,VADODARA JN,BRC,6,WR,73.181065,22.310756
20916,INDB LPI HUMSAFR,SURAT,ST,22,WR,72.840793,21.206568
20916,INDB LPI HUMSAFR,VASAI ROAD,BSR,9,WR,72.8322217,19.3824486
20916,INDB LPI HUMSAFR,PANVEL,PNVL,8,WR,73.121756,18.990919
20916,INDB LPI HUMSAFR,PUNE JN,PUNE,27,WR,73.873086,18.529378
20916,INDB LPI HUMSAFR,SOLAPUR JN,SUR,52,WR,75.893401,17.664496
20916,INDB LPI HUMSAFR,KALABURAGI JN,KLBG,28,WR,,
20916,INDB LPI HUMSAFR,SERAM,SEM,0,WR,77.28353,17.180683
20916,INDB LPI HUMSAFR,VIKARABAD JN,VKB,21,WR,77.909409,17.337132
20917,PURI HUMSAFAR EX,INDORE JN BG,INDB,0,WR,75.868429,22.71757
20917,PURI HUMSAFAR EX,DEWAS,DWX,21,WR,76.051191,22.977556
20917,PURI HUMSAFAR EX,BHOPAL JN,BPL,35,WR,77.41314286,23.26688438
20917,PURI HUMSAFAR EX,ITARSI JN,ET,53,WR,77.767128,22.608258
20917,PURI HUMSAFAR EX,NAGPUR,NGP,4,WR,79.089004,21.153567
20917,PURI HUMSAFAR EX,GONDIA JN,G,30,WR,80.190842,21.462435
20917,PURI HUMSAFAR EX,RAJ NANDGAON,RJN,21,WR,81.039019,21.101186
20917,PURI HUMSAFAR EX,DURG,DURG,6,WR,81.291837,21.200327
20917,PURI HUMSAFAR EX,RAIPUR JN,R,9,WR,81.629328,21.256462
20917,PURI HUMSAFAR EX,BILASPUR JN,BSP,21,WR,82.167585,22.057473
20917,PURI HUMSAFAR EX,RAIGARH,RIG,63,WR,83.39067,21.891289
20917,PURI HUMSAFAR EX,JHARSUGUDA ROAD,JSGR,54,WR,84.010526,21.850125
20917,PURI HUMSAFAR EX,SAMBALPUR CITY,SBPY,82,WR,84.00761716,21.47702229
20917,PURI HUMSAFAR EX,ANGUL,ANGL,21,WR,85.099994,20.859445
20917,PURI HUMSAFAR EX,BHUBANESWAR,BBS,57,WR,85.842595,20.265388
20917,PURI HUMSAFAR EX,KHURDA ROAD JN,KUR,61,WR,85.708234,20.153076
20917,PURI HUMSAFAR EX,PURI,PURI,25,WR,85.839992,19.811459
20918,INDB HUMSAFAR EX,PURI,PURI,2,WR,85.839992,19.811459
20918,INDB HUMSAFAR EX,KHURDA ROAD JN,KUR,6,WR,85.708234,20.153076
20918,INDB HUMSAFAR EX,BHUBANESWAR,BBS,5,WR,85.842595,20.265388
20918,INDB HUMSAFAR EX,TALCHER ROAD,TLHD,30,WR,85.207934,20.886651
20918,INDB HUMSAFAR EX,ANGUL,ANGL,28,WR,85.099994,20.859445
20918,INDB HUMSAFAR EX,SAMBALPUR CITY,SBPY,11,WR,84.00761716,21.47702229
20918,INDB HUMSAFAR EX,JHARSUGUDA ROAD,JSGR,25,WR,84.010526,21.850125
20918,INDB HUMSAFAR EX,RAIGARH,RIG,58,WR,83.39067,21.891289
20918,INDB HUMSAFAR EX,BILASPUR JN,BSP,62,WR,82.167585,22.057473
20918,INDB HUMSAFAR EX,RAIPUR JN,R,73,WR,81.629328,21.256462
20918,INDB HUMSAFAR EX,DURG,DURG,59,WR,81.291837,21.200327
20918,INDB HUMSAFAR EX,RAJ NANDGAON,RJN,77,WR,81.039019,21.101186
20918,INDB HUMSAFAR EX,GONDIA JN,G,84,WR,80.190842,21.462435
20918,INDB HUMSAFAR EX,NAGPUR,NGP,81,WR,79.089004,21.153567
20918,INDB HUMSAFAR EX,ITARSI JN,ET,9,WR,77.767128,22.608258
20918,INDB HUMSAFAR EX,BHOPAL JN,BPL,37,WR,77.41314286,23.26688438
20918,INDB HUMSAFAR EX,DEWAS,DWX,14,WR,76.051191,22.977556
20923,GIMB HUMSAFAR,TIRUNELVELI JN,TEN,0,WR,77.707979,8.73636
20923,GIMB HUMSAFAR,NAGER COIL TOWN,NJT,45,WR,77.41943182,8.199571811
20923,GIMB HUMSAFAR,TRIVANDRUM CNTL,TVC,47,WR,76.95121,8.486679
20923,GIMB HUMSAFAR,KOLLAM JN,QLN,54,WR,76.596753,8.886586
20923,GIMB HUMSAFAR,KAYANKULAM JN,KYJ,58,WR,76.512933,9.182586
20923,GIMB HUMSAFAR,ALLEPPEY,ALLP,57,WR,76.322476,9.483759
20923,GIMB HUMSAFAR,ERNAKULAM JN,ERS,53,WR,76.290672,9.969542
20923,GIMB HUMSAFAR,THRISUR,TCR,42,WR,76.207919,10.51479
20923,GIMB HUMSAFAR,SHORANUR JN,SRR,40,WR,76.272196,10.758855
20923,GIMB HUMSAFAR,KOZHIKODE,CLT,36,WR,75.780407,11.246234
20923,GIMB HUMSAFAR,KANNUR,CAN,33,WR,75.3683267,11.8706942
20923,GIMB HUMSAFAR,KASARAGOD,KGQ,45,WR,74.987652,12.491175
20923,GIMB HUMSAFAR,MANGALORE JN,MAJN,29,WR,74.88006,12.866193
20923,GIMB HUMSAFAR,KARWAR,KAWR,114,WR,74.183139,14.821387
20923,GIMB HUMSAFAR,MADGAON,MAO,54,WR,73.970724,15.267911
20923,GIMB HUMSAFAR,RATNAGIRI,RN,23,WR,73.356938,17.002793
20923,GIMB HUMSAFAR,PANVEL,PNVL,24,WR,73.121756,18.990919
20923,GIMB HUMSAFAR,VASAI ROAD,BSR,21,WR,72.8322217,19.3824486
20923,GIMB HUMSAFAR,SURAT,ST,12,WR,72.840793,21.206568
20923,GIMB HUMSAFAR,VADODARA JN,BRC,7,WR,73.181065,22.310756
20923,GIMB HUMSAFAR,AHMEDABAD JN,ADI,11,WR,72.601516,23.025515
20924,TEN HUMSAFAR,GANDHIDHAM BG,GIMB,0,WR,70.147754,23.069086
20924,TEN HUMSAFAR,AHMEDABAD JN,ADI,0,WR,72.601516,23.025515
20924,TEN HUMSAFAR,VADODARA JN,BRC,9,WR,73.181065,22.310756
20924,TEN HUMSAFAR,UDHNA JN,UDN,0,WR,72.851461,21.171156
20924,TEN HUMSAFAR,VASAI ROAD,BSR,0,WR,72.8322217,19.3824486
20924,TEN HUMSAFAR,PANVEL,PNVL,1,WR,73.121756,18.990919
20924,TEN HUMSAFAR,RATNAGIRI,RN,10,WR,73.356938,17.002793
20924,TEN HUMSAFAR,MADGAON,MAO,13,WR,73.970724,15.267911
20924,TEN HUMSAFAR,KARWAR,KAWR,25,WR,74.183139,14.821387
20924,TEN HUMSAFAR,MANGALORE JN,MAJN,10,WR,74.88006,12.866193
20924,TEN HUMSAFAR,KASARAGOD,KGQ,14,WR,74.987652,12.491175
20924,TEN HUMSAFAR,KANNUR,CAN,14,WR,75.3683267,11.8706942
20924,TEN HUMSAFAR,KOZHIKODE,CLT,22,WR,75.780407,11.246234
20924,TEN HUMSAFAR,SHORANUR JN,SRR,17,WR,76.272196,10.758855
20924,TEN HUMSAFAR,THRISUR,TCR,21,WR,76.207919,10.51479
20924,TEN HUMSAFAR,ERNAKULAM JN,ERS,15,WR,76.290672,9.969542
20924,TEN HUMSAFAR,ALLEPPEY,ALLP,25,WR,76.322476,9.483759
20924,TEN HUMSAFAR,KAYANKULAM JN,KYJ,19,WR,76.512933,9.182586
20924,TEN HUMSAFAR,KOLLAM JN,QLN,13,WR,76.596753,8.886586
20924,TEN HUMSAFAR,TRIVANDRUM CNTL,TVC,1,WR,76.95121,8.486679
20924,TEN HUMSAFAR,NAGER COIL TOWN,NJT,3,WR,77.41943182,8.199571811
20943,BGKT HUMSAFAR,BANDRA TERMINUS,BDTS,1,WR,72.840535,19.061911
20943,BGKT HUMSAFAR,BORIVALI,BVI,3,WR,72.856412,19.228739
20943,BGKT HUMSAFAR,VAPI,VAPI,22,WR,72.909127,20.374338
20943,BGKT HUMSAFAR,UDHNA JN,UDN,16,WR,72.851461,21.171156
20943,BGKT HUMSAFAR,VADODARA JN,BRC,14,WR,73.181065,22.310756
20943,BGKT HUMSAFAR,AHMEDABAD JN,ADI,0,WR,72.601516,23.025515
20943,BGKT HUMSAFAR,PALANPUR JN,PNU,0,WR,72.430172,24.174433
20943,BGKT HUMSAFAR,ABU ROAD,ABR,4,WR,72.775695,24.470775
20943,BGKT HUMSAFAR,JAWAI BANDH,JWB,6,WR,73.147325,25.114043
20943,BGKT HUMSAFAR,PALI MARWAR,PMY,4,WR,73.327309,25.790692
20943,BGKT HUMSAFAR,BHAGAT KI KOTHI,BGKT,6,WR,73.0133366,26.2484972
20944,BDTS HUMSAFAR,BHAGAT KI KOTHI,BGKT,1,WR,73.0133366,26.2484972
20944,BDTS HUMSAFAR,PALI MARWAR,PMY,12,WR,73.327309,25.790692
20944,BDTS HUMSAFAR,JAWAI BANDH,JWB,17,WR,73.147325,25.114043
20944,BDTS HUMSAFAR,ABU ROAD,ABR,12,WR,72.775695,24.470775
20944,BDTS HUMSAFAR,PALANPUR JN,PNU,0,WR,72.430172,24.174433
20944,BDTS HUMSAFAR,AHMEDABAD JN,ADI,15,WR,72.601516,23.025515
20944,BDTS HUMSAFAR,VADODARA JN,BRC,0,WR,73.181065,22.310756
20944,BDTS HUMSAFAR,UDHNA JN,UDN,0,WR,72.851461,21.171156
20944,BDTS HUMSAFAR,VAPI,VAPI,49,WR,72.909127,20.374338
20944,BDTS HUMSAFAR,BORIVALI,BVI,46,WR,72.856412,19.228739
20944,BDTS HUMSAFAR,BANDRA TERMINUS,BDTS,28,WR,72.840535,19.061911
21901,BARMER HUMSAFAR,BANDRA TERMINUS,BDTS,0,WR,72.840535,19.061911
21901,BARMER HUMSAFAR,BORIVALI,BVI,13,WR,72.856412,19.228739
21901,BARMER HUMSAFAR,VAPI,VAPI,25,WR,72.909127,20.374338
21901,BARMER HUMSAFAR,VALSAD,BL,25,WR,72.9335291,20.6085595
21901,BARMER HUMSAFAR,SURAT,ST,10,WR,72.840793,21.206568
21901,BARMER HUMSAFAR,ANKLESHWAR JN,AKV,5,WR,73.000633,21.623889
21901,BARMER HUMSAFAR,VADODARA JN,BRC,11,WR,73.181065,22.310756
21901,BARMER HUMSAFAR,ANAND JN,ANND,10,WR,72.965733,22.561307
21901,BARMER HUMSAFAR,NADIAD JN,ND,9,WR,72.855718,22.694106
21901,BARMER HUMSAFAR,AHMEDABAD JN,ADI,7,WR,72.601516,23.025515
21901,BARMER HUMSAFAR,MAHESANA JN,MSH,17,WR,72.388708,23.602623
21901,BARMER HUMSAFAR,PATAN,PTN,19,WR,72.131672,23.853292
21901,BARMER HUMSAFAR,BHILDI,BLDI,0,WR,72.008187,24.194251
21901,BARMER HUMSAFAR,DHANERA,DQN,14,WR,72.032364,24.506528
21901,BARMER HUMSAFAR,RANIWARA,RNV,16,WR,72.204293,24.750455
21901,BARMER HUMSAFAR,MARWAR BHINMAL,MBNL,15,WR,72.275398,25.000633
21901,BARMER HUMSAFAR,MODRAN,MON,13,WR,72.447631,25.187428
21901,BARMER HUMSAFAR,JALOR,JOR,16,WR,72.63429,25.35418
21901,BARMER HUMSAFAR,MOKALSAR,MKSR,14,WR,72.51804452,25.62535022
21901,BARMER HUMSAFAR,SAMDHARI JN,SMR,32,WR,72.573007,25.837202
21901,BARMER HUMSAFAR,BALOTRA JN,BLT,10,WR,72.248683,25.830071
21901,BARMER HUMSAFAR,BAYTU,BUT,13,WR,71.76868,25.897538
21902,BDTS HUMSAFAR,BARMER,BME,1,WR,71.397067,25.7445219
21902,BDTS HUMSAFAR,BAYTU,BUT,2,WR,71.76868,25.897538
21902,BDTS HUMSAFAR,BALOTRA JN,BLT,10,WR,72.248683,25.830071
21902,BDTS HUMSAFAR,SAMDHARI JN,SMR,49,WR,72.573007,25.837202
21902,BDTS HUMSAFAR,MOKALSAR,MKSR,23,WR,72.51804452,25.62535022
21902,BDTS HUMSAFAR,JALOR,JOR,24,WR,72.63429,25.35418
21902,BDTS HUMSAFAR,MODRAN,MON,25,WR,72.447631,25.187428
21902,BDTS HUMSAFAR,MARWAR BHINMAL,MBNL,25,WR,72.275398,25.000633
21902,BDTS HUMSAFAR,RANIWARA,RNV,15,WR,72.204293,24.750455
21902,BDTS HUMSAFAR,DHANERA,DQN,5,WR,72.032364,24.506528
21902,BDTS HUMSAFAR,BHILDI,BLDI,27,WR,72.008187,24.194251
21902,BDTS HUMSAFAR,PATAN,PTN,41,WR,72.131672,23.853292
21902,BDTS HUMSAFAR,MAHESANA JN,MSH,47,WR,72.388708,23.602623
21902,BDTS HUMSAFAR,AHMEDABAD JN,ADI,49,WR,72.601516,23.025515
21902,BDTS HUMSAFAR,NADIAD JN,ND,23,WR,72.855718,22.694106
21902,BDTS HUMSAFAR,ANAND JN,ANND,27,WR,72.965733,22.561307
21902,BDTS HUMSAFAR,VADODARA JN,BRC,20,WR,73.181065,22.310756
21902,BDTS HUMSAFAR,ANKLESHWAR JN,AKV,29,WR,73.000633,21.623889
21902,BDTS HUMSAFAR,UDHNA JN,UDN,17,WR,72.851461,21.171156
21902,BDTS HUMSAFAR,VALSAD,BL,45,WR,72.9335291,20.6085595
21902,BDTS HUMSAFAR,VAPI,VAPI,44,WR,72.909127,20.374338
21902,BDTS HUMSAFAR,BORIVALI,BVI,23,WR,72.856412,19.228739
21902,BDTS HUMSAFAR,BANDRA TERMINUS,BDTS,3,WR,72.840535,19.061911
22139,AJNI HUMSAFAR,PUNE JN,PUNE,1,CR,73.873086,18.529378
22139,AJNI HUMSAFAR,DAUND CHORD LINE,DDCC,21,CR,74.5535,18.4671
22139,AJNI HUMSAFAR,MANMAD JN,MMR,0,CR,74.438305,20.249887
22139,AJNI HUMSAFAR,CHALISGAON JN,CSN,1,CR,74.999049,20.464109
22139,AJNI HUMSAFAR,BHUSAVAL JN,BSL,0,CR,75.7886717,21.0472812
22139,AJNI HUMSAFAR,AKOLA JN,AK,0,CR,77.005497,20.723084
22139,AJNI HUMSAFAR,BADNERA JN,BD,3,CR,77.7323197,20.8567925
22139,AJNI HUMSAFAR,WARDHA JN,WR,18,CR,78.594157,20.732777
22139,AJNI HUMSAFAR,AJNI,AJNI,8,CR,79.08251975,21.12685881
22140,PUNE HUMSAFAR,AJNI,AJNI,2,CR,79.08251975,21.12685881
22140,PUNE HUMSAFAR,WARDHA JN,WR,22,CR,78.594157,20.732777
22140,PUNE HUMSAFAR,BADNERA JN,BD,51,CR,77.7323197,20.8567925
22140,PUNE HUMSAFAR,AKOLA JN,AK,55,CR,77.005497,20.723084
22140,PUNE HUMSAFAR,BHUSAVAL JN,BSL,64,CR,75.7886717,21.0472812
22140,PUNE HUMSAFAR,CHALISGAON JN,CSN,95,CR,74.999049,20.464109
22140,PUNE HUMSAFAR,MANMAD JN,MMR,101,CR,74.438305,20.249887
22140,PUNE HUMSAFAR,DAUND CHORD LINE,DDCC,12,CR,74.5535,18.4671
22140,PUNE HUMSAFAR,PUNE JN,PUNE,8,CR,73.873086,18.529378
22141,NAGPUR HUMSAFAR,PUNE JN,PUNE,0,CR,73.873086,18.529378
22141,NAGPUR HUMSAFAR,DAUND CHORD LINE,DDCC,29,CR,74.5535,18.4671
22141,NAGPUR HUMSAFAR,MANMAD JN,MMR,0,CR,74.438305,20.249887
22141,NAGPUR HUMSAFAR,CHALISGAON JN,CSN,2,CR,74.999049,20.464109
22141,NAGPUR HUMSAFAR,BHUSAVAL JN,BSL,1,CR,75.7886717,21.0472812
22141,NAGPUR HUMSAFAR,SHEGAON,SEG,11,CR,76.690331,20.801724
22141,NAGPUR HUMSAFAR,AKOLA JN,AK,5,CR,77.005497,20.723084
22141,NAGPUR HUMSAFAR,BADNERA JN,BD,0,CR,77.7323197,20.8567925
22141,NAGPUR HUMSAFAR,WARDHA JN,WR,21,CR,78.594157,20.732777
22142,PUNE HUMSAFAR,NAGPUR,NGP,1,CR,79.089004,21.153567
22142,PUNE HUMSAFAR,WARDHA JN,WR,38,CR,78.594157,20.732777
22142,PUNE HUMSAFAR,BADNERA JN,BD,11,CR,77.7323197,20.8567925
22142,PUNE HUMSAFAR,AKOLA JN,AK,25,CR,77.005497,20.723084
22142,PUNE HUMSAFAR,SHEGAON,SEG,38,CR,76.690331,20.801724
22142,PUNE HUMSAFAR,BHUSAVAL JN,BSL,33,CR,75.7886717,21.0472812
22142,PUNE HUMSAFAR,MANMAD JN,MMR,14,CR,74.438305,20.249887
22142,PUNE HUMSAFAR,DAUND CHORD LINE,DDCC,7,CR,74.5535,18.4671
22169,HBJ SRC HUMSAFAR,RANI KAMLAPATI,RKMP,1,WCR,77.4401,23.2216
22169,HBJ SRC HUMSAFAR,VIDISHA,BHS,13,WCR,77.8148356,23.5222886
22169,HBJ SRC HUMSAFAR,BINA JN,BINA,6,WCR,78.1831998,24.1709735
22169,HBJ SRC HUMSAFAR,SAUGOR,SGO,41,WCR,78.74292,23.84735
22169,HBJ SRC HUMSAFAR,DAMOH,DMO,49,WCR,79.432246,23.836693
22169,HBJ SRC HUMSAFAR,KATNI MURWARA,KMZ,63,WCR,80.4014844,23.8343563
22169,HBJ SRC HUMSAFAR,SHAHDOL,SDL,60,WCR,81.364073,23.285962
22169,HBJ SRC HUMSAFAR,BILASPUR JN,BSP,0,WCR,82.167585,22.057473
22169,HBJ SRC HUMSAFAR,RAIGARH,RIG,0,WCR,83.39067,21.891289
22169,HBJ SRC HUMSAFAR,JHARSUGUDA JN,JSG,27,WCR,84.017427,21.862274
22169,HBJ SRC HUMSAFAR,ROURKELA,ROU,87,WCR,84.863132,22.22844
22169,HBJ SRC HUMSAFAR,CHAKRADHARPUR,CKP,137,WCR,85.627771,22.678979
22169,HBJ SRC HUMSAFAR,TATANAGAR JN,TATA,198,WCR,86.20056,22.768954
22169,HBJ SRC HUMSAFAR,KHARAGPUR JN,KGP,217,WCR,87.328456,22.341432
22169,HBJ SRC HUMSAFAR,SANTRAGACHI JN,SRC,211,WCR,88.284011,22.58393
22170,SRC HBJ HUMSAFAR,SANTRAGACHI JN,SRC,67,WCR,88.284011,22.58393
22170,SRC HBJ HUMSAFAR,KHARAGPUR JN,KGP,130,WCR,87.328456,22.341432
22170,SRC HBJ HUMSAFAR,TATANAGAR JN,TATA,119,WCR,86.20056,22.768954
22170,SRC HBJ HUMSAFAR,CHAKRADHARPUR,CKP,134,WCR,85.627771,22.678979
22170,SRC HBJ HUMSAFAR,ROURKELA,ROU,198,WCR,84.863132,22.22844
22170,SRC HBJ HUMSAFAR,JHARSUGUDA JN,JSG,195,WCR,84.017427,21.862274
22170,SRC HBJ HUMSAFAR,RAIGARH,RIG,255,WCR,83.39067,21.891289
22170,SRC HBJ HUMSAFAR,BILASPUR JN,BSP,306,WCR,82.167585,22.057473
22170,SRC HBJ HUMSAFAR,SHAHDOL,SDL,434,WCR,81.364073,23.285962
22170,SRC HBJ HUMSAFAR,KATNI MURWARA,KMZ,450,WCR,80.4014844,23.8343563
22170,SRC HBJ HUMSAFAR,DAMOH,DMO,470,WCR,79.432246,23.836693
22170,SRC HBJ HUMSAFAR,SAUGOR,SGO,465,WCR,78.74292,23.84735
22170,SRC HBJ HUMSAFAR,BINA JN,BINA,433,WCR,78.1831998,24.1709735
22170,SRC HBJ HUMSAFAR,VIDISHA,BHS,442,WCR,77.8148356,23.5222886
22170,SRC HBJ HUMSAFAR,RANI KAMLAPATI,RKMP,413,WCR,77.4401,23.2216
22171,PUNE HBJ HUMSAFR,PUNE JN,PUNE,0,WCR,73.873086,18.529378
22171,PUNE HBJ HUMSAFR,DAUND CHORD LINE,DDCC,26,WCR,74.5535,18.4671
22171,PUNE HBJ HUMSAFR,AHMADNAGAR,ANG,32,WCR,74.72188247,19.07551948
22171,PUNE HBJ HUMSAFR,KOPARGAON,KPG,40,WCR,74.503328,19.902943
22171,PUNE HBJ HUMSAFR,MANMAD JN,MMR,13,WCR,74.438305,20.249887
22171,PUNE HBJ HUMSAFR,BHUSAVAL JN,BSL,29,WCR,75.7886717,21.0472812
22171,PUNE HBJ HUMSAFR,ITARSI JN,ET,9,WCR,77.767128,22.608258
22171,PUNE HBJ HUMSAFR,NARMADAPURAM,NDPM,11,WCR,,
22172,HBJ PUNE HUMSAFR,RANI KAMLAPATI,RKMP,0,WCR,77.4401,23.2216
22172,HBJ PUNE HUMSAFR,NARMADAPURAM,NDPM,24,WCR,,
22172,HBJ PUNE HUMSAFR,ITARSI JN,ET,25,WCR,77.767128,22.608258
22172,HBJ PUNE HUMSAFR,BHUSAVAL JN,BSL,2,WCR,75.7886717,21.0472812
22172,HBJ PUNE HUMSAFR,MANMAD JN,MMR,2,WCR,74.438305,20.249887
22172,HBJ PUNE HUMSAFR,KOPARGAON,KPG,0,WCR,74.503328,19.902943
22172,HBJ PUNE HUMSAFR,AHMADNAGAR,ANG,16,WCR,74.72188247,19.07551948
22172,HBJ PUNE HUMSAFR,DAUND CHORD LINE,DDCC,11,WCR,74.5535,18.4671
22317,HUMSAFAR EXP,SEALDAH,SDAH,0,ER,88.374713,22.566758
22317,HUMSAFAR EXP,ASANSOL JN,ASN,0,ER,86.975152,23.691441
22317,HUMSAFAR EXP,DHANBAD JN,DHN,0,ER,86.428956,23.790966
22317,HUMSAFAR EXP,GAYA JN,GAYA,0,ER,84.999294,24.803978
22317,HUMSAFAR EXP,PT DEEN DAYAL UPADHYAY JN,DDU,0,ER,,
22317,HUMSAFAR EXP,VARANASI JN,BSB,0,ER,82.986468,25.327281
22317,HUMSAFAR EXP,LUCKNOW NR,LKO,0,ER,80.925291,26.830675
22317,HUMSAFAR EXP,BAREILLY,BE,0,ER,79.4108444,28.3371543
22317,HUMSAFAR EXP,MORADABAD,MB,0,ER,78.765801,28.831621
22317,HUMSAFAR EXP,SAHARANPUR,SRE,0,ER,77.541739,29.960529
22317,HUMSAFAR EXP,AMBALA CANT JN,UMB,0,ER,76.826966,30.338918
22317,HUMSAFAR EXP,LUDHIANA JN,LDH,0,ER,75.847873,30.912367
22317,HUMSAFAR EXP,JAMMU TAWI,JAT,0,ER,74.880117,32.706975
22318,SDAH HUMSAFAR,JAMMU TAWI,JAT,0,ER,74.880117,32.706975
22318,SDAH HUMSAFAR,LUDHIANA JN,LDH,0,ER,75.847873,30.912367
22318,SDAH HUMSAFAR,AMBALA CANT JN,UMB,0,ER,76.826966,30.338918
22318,SDAH HUMSAFAR,SAHARANPUR,SRE,0,ER,77.541739,29.960529
22318,SDAH HUMSAFAR,MORADABAD,MB,0,ER,78.765801,28.831621
22318,SDAH HUMSAFAR,BAREILLY,BE,0,ER,79.4108444,28.3371543
22318,SDAH HUMSAFAR,LUCKNOW NR,LKO,0,ER,80.925291,26.830675
22318,SDAH HUMSAFAR,VARANASI JN,BSB,0,ER,82.986468,25.327281
22318,SDAH HUMSAFAR,PT DEEN DAYAL UPADHYAY JN,DDU,0,ER,,
22318,SDAH HUMSAFAR,GAYA JN,GAYA,0,ER,84.999294,24.803978
22318,SDAH HUMSAFAR,DHANBAD JN,DHN,0,ER,86.428956,23.790966
22318,SDAH HUMSAFAR,ASANSOL JN,ASN,0,ER,86.975152,23.691441
22318,SDAH HUMSAFAR,SEALDAH,SDAH,0,ER,88.374713,22.566758
22353,HUMSAFAR EXP,PATNA JN,PNBE,5,ECR,85.136824,25.60256
22353,HUMSAFAR EXP,ARA,ARA,8,ECR,84.662596,25.548889
22353,HUMSAFAR EXP,BUXAR,BXR,17,ECR,83.982184,25.562067
22353,HUMSAFAR EXP,PT DEEN DAYAL UPADHYAY JN,DDU,1,ECR,,
22353,HUMSAFAR EXP,PRAYAGRAJ CHHEOKI,PCOI,2,ECR,,
22353,HUMSAFAR EXP,SATNA,STA,16,ECR,80.827717,24.568619
22353,HUMSAFAR EXP,KATNI,KTE,34,ECR,80.400543,23.833385
22353,HUMSAFAR EXP,JABALPUR,JBP,11,ECR,79.950919,23.164636
22353,HUMSAFAR EXP,PIPARIYA,PPI,67,ECR,78.354538,22.753941
22353,HUMSAFAR EXP,ITARSI JN,ET,10,ECR,77.767128,22.608258
22353,HUMSAFAR EXP,BETUL,BZU,19,ECR,77.905897,21.896393
22353,HUMSAFAR EXP,NAGPUR,NGP,16,ECR,79.089004,21.153567
22353,HUMSAFAR EXP,CHANDRAPUR,CD,48,ECR,79.300505,19.960126
22353,HUMSAFAR EXP,BALHARSHAH,BPQ,5,ECR,79.3485858,19.8490173
22353,HUMSAFAR EXP,WARANGAL,WL,47,ECR,79.604929,17.972477
22353,HUMSAFAR EXP,VIJAYAWADA JN,BZA,45,ECR,80.618648,16.518262
22353,HUMSAFAR EXP,GUDUR JN,GDR,27,ECR,79.845121,14.148227
22353,HUMSAFAR EXP,PERAMBUR,PER,0,ECR,80.244533,13.10702
22353,HUMSAFAR EXP,KATPADI JN,KPD,26,ECR,79.135341,12.972734
22353,HUMSAFAR EXP,JOLARPETTAI,JTJ,21,ECR,78.57782,12.560852
22353,HUMSAFAR EXP,KRISHNARAJAPURM,KJM,13,ECR,77.674016,13.000534
22354,HUMSAFAR EXP,SMVT BENGALURU,SMVB,2,ECR,77.6418,13.0006
22354,HUMSAFAR EXP,KRISHNARAJAPURM,KJM,0,ECR,77.674016,13.000534
22354,HUMSAFAR EXP,JOLARPETTAI,JTJ,17,ECR,78.57782,12.560852
22354,HUMSAFAR EXP,KATPADI JN,KPD,19,ECR,79.135341,12.972734
22354,HUMSAFAR EXP,ARAKKONAM,AJJ,18,ECR,79.667991,13.081512
22354,HUMSAFAR EXP,PERAMBUR,PER,28,ECR,80.244533,13.10702
22354,HUMSAFAR EXP,GUDUR JN,GDR,18,ECR,79.845121,14.148227
22354,HUMSAFAR EXP,VIJAYAWADA JN,BZA,2,ECR,80.618648,16.518262
22354,HUMSAFAR EXP,WARANGAL,WL,30,ECR,79.604929,17.972477
22354,HUMSAFAR EXP,BALHARSHAH,BPQ,13,ECR,79.3485858,19.8490173
22354,HUMSAFAR EXP,CHANDRAPUR,CD,19,ECR,79.300505,19.960126
22354,HUMSAFAR EXP,NAGPUR,NGP,36,ECR,79.089004,21.153567
22354,HUMSAFAR EXP,BETUL,BZU,68,ECR,77.905897,21.896393
22354,HUMSAFAR EXP,ITARSI JN,ET,2,ECR,77.767128,22.608258
22354,HUMSAFAR EXP,PIPARIYA,PPI,14,ECR,78.354538,22.753941
22354,HUMSAFAR EXP,JABALPUR,JBP,2,ECR,79.950919,23.164636
22354,HUMSAFAR EXP,KATNI,KTE,65,ECR,80.400543,23.833385
22354,HUMSAFAR EXP,SATNA,STA,71,ECR,80.827717,24.568619
22354,HUMSAFAR EXP,PRAYAGRAJ CHHEOKI,PCOI,93,ECR,,
22354,HUMSAFAR EXP,PT DEEN DAYAL UPADHYAY JN,DDU,185,ECR,,
22354,HUMSAFAR EXP,BUXAR,BXR,188,ECR,83.982184,25.562067
22354,HUMSAFAR EXP,ARA,ARA,194,ECR,84.662596,25.548889
22354,HUMSAFAR EXP,PATNA JN,PNBE,252,ECR,85.136824,25.60256
22437,ANVT HUMSAFAR,PRAYAGRAJ JN,PRYJ,0,NCR,81.8253,25.4453
22437,ANVT HUMSAFAR,SUBEDARGANJ,SFG,117,NCR,81.789897,25.439879
22437,ANVT HUMSAFAR,KANPUR CENTRAL,CNB,159,NCR,80.350966,26.45424
22437,ANVT HUMSAFAR,ANAND VIHAR TRM,ANVT,150,NCR,77.31521255,28.65050357
22438,PRYJ HUMSAFAR,ANAND VIHAR TRM,ANVT,0,NCR,77.31521255,28.65050357
22438,PRYJ HUMSAFAR,KANPUR CENTRAL,CNB,29,NCR,80.350966,26.45424
22438,PRYJ HUMSAFAR,SUBEDARGANJ,SFG,61,NCR,81.789897,25.439879
22438,PRYJ HUMSAFAR,PRAYAGRAJ JN,PRYJ,0,NCR,81.8253,25.4453
22459,HUMSAFAR EXP,MADHUPUR JN,MDP,185,NR,86.642183,24.270633
22459,HUMSAFAR EXP,JASIDIH JN,JSME,203,NR,86.644255,24.514517
22459,HUMSAFAR EXP,JHAJHA,JAJ,176,NR,86.399854,24.779456
22459,HUMSAFAR EXP,KIUL JN,KIUL,190,NR,86.106198,25.171504
22459,HUMSAFAR EXP,MOKAMEH JN,MKA,220,NR,85.913049,25.391885
22459,HUMSAFAR EXP,PATNA JN,PNBE,291,NR,85.136824,25.60256
22459,HUMSAFAR EXP,ARA,ARA,341,NR,84.662596,25.548889
22459,HUMSAFAR EXP,BUXAR,BXR,379,NR,83.982184,25.562067
22459,HUMSAFAR EXP,PT DEEN DAYAL UPADHYAY JN,DDU,339,NR,,
22459,HUMSAFAR EXP,PRAYAGRAJ JN,PRYJ,361,NR,81.8253,25.4453
22459,HUMSAFAR EXP,KANPUR CENTRAL,CNB,397,NR,80.350966,26.45424
22459,HUMSAFAR EXP,ANAND VIHAR TRM,ANVT,395,NR,77.31521255,28.65050357
22460,B V DHAM HUMSAFR,ANAND VIHAR TRM,ANVT,2,NR,77.31521255,28.65050357
22460,B V DHAM HUMSAFR,KANPUR CENTRAL,CNB,68,NR,80.350966,26.45424
22460,B V DHAM HUMSAFR,PRAYAGRAJ JN,PRYJ,156,NR,81.8253,25.4453
22460,B V DHAM HUMSAFR,PT DEEN DAYAL UPADHYAY JN,DDU,313,NR,,
22460,B V DHAM HUMSAFR,BUXAR,BXR,352,NR,83.982184,25.562067
22460,B V DHAM HUMSAFR,ARA,ARA,360,NR,84.662596,25.548889
22460,B V DHAM HUMSAFR,PATNA JN,PNBE,377,NR,85.136824,25.60256
22460,B V DHAM HUMSAFR,MOKAMEH JN,MKA,459,NR,85.913049,25.391885
22460,B V DHAM HUMSAFR,KIUL JN,KIUL,473,NR,86.106198,25.171504
22460,B V DHAM HUMSAFR,JHAJHA,JAJ,426,NR,86.399854,24.779456
22460,B V DHAM HUMSAFR,JASIDIH JN,JSME,439,NR,86.644255,24.514517
22460,B V DHAM HUMSAFR,MADHUPUR JN,MDP,413,NR,86.642183,24.270633
22497,TPJ HUMSAFAR SUP,SHRI GANGANAGAR,SGNR,2,NWR,73.871417,29.931792
22497,TPJ HUMSAFAR SUP,HANUMANGARH JN,HMH,15,NWR,74.297633,29.614904
22497,TPJ HUMSAFAR SUP,SURATGARH JN,SOG,0,NWR,73.907248,29.324152
22497,TPJ HUMSAFAR SUP,BIKANER JN,BKN,10,NWR,73.316598,28.014139
22497,TPJ HUMSAFAR SUP,NAGAUR,NGO,10,NWR,73.723572,27.199991
22497,TPJ HUMSAFAR SUP,JODHPUR JN,JU,30,NWR,73.02319,26.283765
22497,TPJ HUMSAFAR SUP,MARWAR JN,MJ,6,NWR,73.609301,25.720479
22497,TPJ HUMSAFAR SUP,ABU ROAD,ABR,1,NWR,72.775695,24.470775
22497,TPJ HUMSAFAR SUP,PALANPUR JN,PNU,0,NWR,72.430172,24.174433
22497,TPJ HUMSAFAR SUP,MAHESANA JN,MSH,2,NWR,72.388708,23.602623
22497,TPJ HUMSAFAR SUP,AHMEDABAD JN,ADI,1,NWR,72.601516,23.025515
22497,TPJ HUMSAFAR SUP,NADIAD JN,ND,1,NWR,72.855718,22.694106
22497,TPJ HUMSAFAR SUP,ANAND JN,ANND,6,NWR,72.965733,22.561307
22497,TPJ HUMSAFAR SUP,VADODARA JN,BRC,0,NWR,73.181065,22.310756
22497,TPJ HUMSAFAR SUP,BHARUCH JN,BH,0,NWR,72.997689,21.706907
22497,TPJ HUMSAFAR SUP,SURAT,ST,9,NWR,72.840793,21.206568
22497,TPJ HUMSAFAR SUP,VASAI ROAD,BSR,39,NWR,72.8322217,19.3824486
22497,TPJ HUMSAFAR SUP,KALYAN JN,KYN,27,NWR,73.12974,19.234716
22497,TPJ HUMSAFAR SUP,LONAVALA,LNL,17,NWR,73.407657,18.748883
22497,TPJ HUMSAFAR SUP,PUNE JN,PUNE,14,NWR,73.873086,18.529378
22497,TPJ HUMSAFAR SUP,SATARA,STR,0,NWR,74.063727,17.688361
22497,TPJ HUMSAFAR SUP,SANGLI,SLI,18,NWR,74.588939,16.858669
22497,TPJ HUMSAFAR SUP,MIRAJ JN,MRJ,1,NWR,74.638839,16.819946
22497,TPJ HUMSAFAR SUP,BELAGAVI,BGM,1,NWR,74.5095639,15.8492433
22497,TPJ HUMSAFAR SUP,DHARWAR,DWR,15,NWR,75.004552,15.440386
22497,TPJ HUMSAFAR SUP,HUBBALLI JN,UBL,3,NWR,75.148104,15.350302
22497,TPJ HUMSAFAR SUP,HARIHAR,HRR,1,NWR,75.812314,14.515431
22497,TPJ HUMSAFAR SUP,DAVANGERE,DVG,0,NWR,75.92229,14.467834
22497,TPJ HUMSAFAR SUP,BIRUR JN,RRB,5,NWR,75.974749,13.591101
22497,TPJ HUMSAFAR SUP,ARSIKERE JN,ASK,7,NWR,76.2520848,13.314425
22497,TPJ HUMSAFAR SUP,TUMKUR,TK,2,NWR,77.102439,13.333033
22497,TPJ HUMSAFAR SUP,BANASWADI,BAND,52,NWR,77.628196,13.00573
22497,TPJ HUMSAFAR SUP,KRISHNARAJAPURM,KJM,75,NWR,77.674016,13.000534
22497,TPJ HUMSAFAR SUP,BANGARAPET,BWT,82,NWR,78.178188,12.984808
22497,TPJ HUMSAFAR SUP,SALEM JN,SA,2,NWR,78.113415,11.671726
22497,TPJ HUMSAFAR SUP,NAMAKKAL,NMKL,7,NWR,,
22497,TPJ HUMSAFAR SUP,KARUR,KRR,8,NWR,78.085087,10.965642
22498,SGNR HUMSAFAR SF,TIRUCHCHIRAPALI,TPJ,0,NWR,78.685355,10.794067
22498,SGNR HUMSAFAR SF,KARUR,KRR,7,NWR,78.085087,10.965642
22498,SGNR HUMSAFAR SF,NAMAKKAL,NMKL,8,NWR,,
22498,SGNR HUMSAFAR SF,SALEM JN,SA,18,NWR,78.113415,11.671726
22498,SGNR HUMSAFAR SF,BANGARAPET,BWT,23,NWR,78.178188,12.984808
22498,SGNR HUMSAFAR SF,KRISHNARAJAPURM,KJM,45,NWR,77.674016,13.000534
22498,SGNR HUMSAFAR SF,BANASWADI,BAND,88,NWR,77.628196,13.00573
22498,SGNR HUMSAFAR SF,TUMKUR,TK,50,NWR,77.102439,13.333033
22498,SGNR HUMSAFAR SF,ARSIKERE JN,ASK,29,NWR,76.2520848,13.314425
22498,SGNR HUMSAFAR SF,BIRUR JN,RRB,35,NWR,75.974749,13.591101
22498,SGNR HUMSAFAR SF,DAVANGERE,DVG,44,NWR,75.92229,14.467834
22498,SGNR HUMSAFAR SF,HARIHAR,HRR,41,NWR,75.812314,14.515431
22498,SGNR HUMSAFAR SF,HUBBALLI JN,UBL,29,NWR,75.148104,15.350302
22498,SGNR HUMSAFAR SF,DHARWAR,DWR,31,NWR,75.004552,15.440386
22498,SGNR HUMSAFAR SF,BELAGAVI,BGM,30,NWR,74.5095639,15.8492433
22498,SGNR HUMSAFAR SF,MIRAJ JN,MRJ,1,NWR,74.638839,16.819946
22498,SGNR HUMSAFAR SF,SANGLI,SLI,2,NWR,74.588939,16.858669
22498,SGNR HUMSAFAR SF,SATARA,STR,23,NWR,74.063727,17.688361
22498,SGNR HUMSAFAR SF,PUNE JN,PUNE,36,NWR,73.873086,18.529378
22498,SGNR HUMSAFAR SF,LONAVALA,LNL,22,NWR,73.407657,18.748883
22498,SGNR HUMSAFAR SF,KALYAN JN,KYN,32,NWR,73.12974,19.234716
22498,SGNR HUMSAFAR SF,VASAI ROAD,BSR,9,NWR,72.8322217,19.3824486
22498,SGNR HUMSAFAR SF,SURAT,ST,0,NWR,72.840793,21.206568
22498,SGNR HUMSAFAR SF,BHARUCH JN,BH,1,NWR,72.997689,21.706907
22498,SGNR HUMSAFAR SF,VADODARA JN,BRC,0,NWR,73.181065,22.310756
22498,SGNR HUMSAFAR SF,ANAND JN,ANND,0,NWR,72.965733,22.561307
22498,SGNR HUMSAFAR SF,NADIAD JN,ND,0,NWR,72.855718,22.694106
22498,SGNR HUMSAFAR SF,AHMEDABAD JN,ADI,1,NWR,72.601516,23.025515
22498,SGNR HUMSAFAR SF,MAHESANA JN,MSH,18,NWR,72.388708,23.602623
22498,SGNR HUMSAFAR SF,PALANPUR JN,PNU,1,NWR,72.430172,24.174433
22498,SGNR HUMSAFAR SF,ABU ROAD,ABR,2,NWR,72.775695,24.470775
22498,SGNR HUMSAFAR SF,MARWAR JN,MJ,0,NWR,73.609301,25.720479
22498,SGNR HUMSAFAR SF,JODHPUR JN,JU,38,NWR,73.02319,26.283765
22498,SGNR HUMSAFAR SF,NAGAUR,NGO,27,NWR,73.723572,27.199991
22498,SGNR HUMSAFAR SF,BIKANER JN,BKN,23,NWR,73.316598,28.014139
22498,SGNR HUMSAFAR SF,SURATGARH JN,SOG,21,NWR,73.907248,29.324152
22498,SGNR HUMSAFAR SF,HANUMANGARH JN,HMH,24,NWR,74.297633,29.614904
22498,SGNR HUMSAFAR SF,SHRI GANGANAGAR,SGNR,6,NWR,73.871417,29.931792
22705,JAT HUMSAFAR SF,TIRUPATI,TPTY,0,SCR,79.418968,13.62763
22705,JAT HUMSAFAR SF,GUNTAKAL JN,GTL,0,SCR,77.366611,15.17556
22705,JAT HUMSAFAR SF,RAICHUR,RC,0,SCR,77.339165,16.192441
22705,JAT HUMSAFAR SF,SECUNDERABAD JN,SC,0,SCR,78.501481,17.433147
22705,JAT HUMSAFAR SF,KAZIPET JN,KZJ,0,SCR,79.511025,17.974211
22705,JAT HUMSAFAR SF,BALHARSHAH,BPQ,0,SCR,79.3485858,19.8490173
22705,JAT HUMSAFAR SF,NAGPUR,NGP,0,SCR,79.089004,21.153567
22705,JAT HUMSAFAR SF,RANI KAMLAPATI,RKMP,0,SCR,77.4401,23.2216
22705,JAT HUMSAFAR SF,V LAKSHMIBAI JHANSI,VGLJ,0,SCR,78.5533,25.4439
22705,JAT HUMSAFAR SF,DELHI SAFDARJNG,DSJ,0,SCR,77.186969,28.582121
22705,JAT HUMSAFAR SF,AMBALA CANT JN,UMB,0,SCR,76.826966,30.338918
22705,JAT HUMSAFAR SF,LUDHIANA JN,LDH,0,SCR,75.847873,30.912367
22705,JAT HUMSAFAR SF,JALANDHAR CANT,JRC,0,SCR,75.632106,31.306235
22705,JAT HUMSAFAR SF,JAMMU TAWI,JAT,0,SCR,74.880117,32.706975
22706,TPTY HUMSAFAR,JAMMU TAWI,JAT,0,SCR,74.880117,32.706975
22706,TPTY HUMSAFAR,JALANDHAR CANT,JRC,0,SCR,75.632106,31.306235
22706,TPTY HUMSAFAR,LUDHIANA JN,LDH,0,SCR,75.847873,30.912367
22706,TPTY HUMSAFAR,AMBALA CANT JN,UMB,0,SCR,76.826966,30.338918
22706,TPTY HUMSAFAR,DELHI SAFDARJNG,DSJ,0,SCR,77.186969,28.582121
22706,TPTY HUMSAFAR,V LAKSHMIBAI JHANSI,VGLJ,0,SCR,78.5533,25.4439
22706,TPTY HUMSAFAR,RANI KAMLAPATI,RKMP,0,SCR,77.4401,23.2216
22706,TPTY HUMSAFAR,NAGPUR,NGP,0,SCR,79.089004,21.153567
22706,TPTY HUMSAFAR,BALHARSHAH,BPQ,0,SCR,79.3485858,19.8490173
22706,TPTY HUMSAFAR,KAZIPET JN,KZJ,0,SCR,79.511025,17.974211
22706,TPTY HUMSAFAR,SECUNDERABAD JN,SC,0,SCR,78.501481,17.433147
22706,TPTY HUMSAFAR,RAICHUR,RC,0,SCR,77.339165,16.192441
22706,TPTY HUMSAFAR,GUNTAKAL JN,GTL,0,SCR,77.366611,15.17556
22706,TPTY HUMSAFAR,TIRUPATI,TPTY,0,SCR,79.418968,13.62763
22833,HUMSAFAR EXPRESS,BHUBANESWAR,BBS,31,ECOR,85.842595,20.265388
22833,HUMSAFAR EXPRESS,KHURDA ROAD JN,KUR,41,ECOR,85.708234,20.153076
22833,HUMSAFAR EXPRESS,BRAHMAPUR,BAM,70,ECOR,84.7966912,19.2961348
22833,HUMSAFAR EXPRESS,PALASA,PSA,114,ECOR,84.422091,18.756782
22833,HUMSAFAR EXPRESS,SRIKAKULAM ROAD,CHE,146,ECOR,83.903771,18.408679
22833,HUMSAFAR EXPRESS,VIZIANAGRAM JN,VZM,135,ECOR,83.395586,18.111374
22833,HUMSAFAR EXPRESS,VISHAKAPATNAM,VSKP,120,ECOR,83.289514,17.72159
22833,HUMSAFAR EXPRESS,DUVVADA,DVD,109,ECOR,83.152059,17.703843
22833,HUMSAFAR EXPRESS,RAJAMUNDRY,RJY,125,ECOR,81.783901,16.984159
22833,HUMSAFAR EXPRESS,ELURU,EE,81,ECOR,81.119762,16.717816
22833,HUMSAFAR EXPRESS,VIJAYAWADA JN,BZA,82,ECOR,80.618648,16.518262
22833,HUMSAFAR EXPRESS,ONGOLE,OGL,40,ECOR,80.057404,15.498064
22833,HUMSAFAR EXPRESS,NELLORE,NLR,64,ECOR,79.989383,14.460592
22833,HUMSAFAR EXPRESS,GUDUR JN,GDR,64,ECOR,79.845121,14.148227
22833,HUMSAFAR EXPRESS,RENIGUNTA JN,RU,62,ECOR,79.50629,13.636261
22833,HUMSAFAR EXPRESS,KATPADI JN,KPD,61,ECOR,79.135341,12.972734
22833,HUMSAFAR EXPRESS,JOLARPETTAI,JTJ,52,ECOR,78.57782,12.560852
22833,HUMSAFAR EXPRESS,BANGARAPET,BWT,80,ECOR,78.178188,12.984808
22833,HUMSAFAR EXPRESS,KRISHNARAJAPURM,KJM,90,ECOR,77.674016,13.000534
22833,HUMSAFAR EXPRESS,SMVT BENGALURU,SMVB,29,ECOR,77.6418,13.0006
22834,BBS HUMSAFAR,SMVT BENGALURU,SMVB,6,ECOR,77.6418,13.0006
22834,BBS HUMSAFAR,KRISHNARAJAPURM,KJM,6,ECOR,77.674016,13.000534
22834,BBS HUMSAFAR,BANGARAPET,BWT,4,ECOR,78.178188,12.984808
22834,BBS HUMSAFAR,JOLARPETTAI,JTJ,1,ECOR,78.57782,12.560852
22834,BBS HUMSAFAR,KATPADI JN,KPD,1,ECOR,79.135341,12.972734
22834,BBS HUMSAFAR,RENIGUNTA JN,RU,3,ECOR,79.50629,13.636261
22834,BBS HUMSAFAR,GUDUR JN,GDR,12,ECOR,79.845121,14.148227
22834,BBS HUMSAFAR,NELLORE,NLR,0,ECOR,79.989383,14.460592
22834,BBS HUMSAFAR,ONGOLE,OGL,9,ECOR,80.057404,15.498064
22834,BBS HUMSAFAR,VIJAYAWADA JN,BZA,8,ECOR,80.618648,16.518262
22834,BBS HUMSAFAR,ELURU,EE,19,ECOR,81.119762,16.717816
22834,BBS HUMSAFAR,RAJAMUNDRY,RJY,25,ECOR,81.783901,16.984159
22834,BBS HUMSAFAR,DUVVADA,DVD,1,ECOR,83.152059,17.703843
22834,BBS HUMSAFAR,VISHAKAPATNAM,VSKP,11,ECOR,83.289514,17.72159
22834,BBS HUMSAFAR,VIZIANAGRAM JN,VZM,19,ECOR,83.395586,18.111374
22834,BBS HUMSAFAR,SRIKAKULAM ROAD,CHE,15,ECOR,83.903771,18.408679
22834,BBS HUMSAFAR,PALASA,PSA,0,ECOR,84.422091,18.756782
22834,BBS HUMSAFAR,BRAHMAPUR,BAM,34,ECOR,84.7966912,19.2961348
22834,BBS HUMSAFAR,KHURDA ROAD JN,KUR,25,ECOR,85.708234,20.153076
22867,HUMSAFAR EXP,DURG,DURG,1,SECR,81.291837,21.200327
22867,HUMSAFAR EXP,RAIPUR JN,R,7,SECR,81.629328,21.256462
22867,HUMSAFAR EXP,BHATAPARA,BYT,21,SECR,81.946062,21.732464
22867,HUMSAFAR EXP,USLAPUR,USL,4,SECR,82.111546,22.102548
22867,HUMSAFAR EXP,PENDRA ROAD,PND,77,SECR,81.89917,22.755825
22867,HUMSAFAR EXP,ANUPPUR JN,APR,73,SECR,81.695967,23.117312
22867,HUMSAFAR EXP,SHAHDOL,SDL,78,SECR,81.364073,23.285962
22867,HUMSAFAR EXP,UMARIA,UMR,93,SECR,80.823244,23.52273
22867,HUMSAFAR EXP,KATNI MURWARA,KMZ,81,SECR,80.4014844,23.8343563
22867,HUMSAFAR EXP,DAMOH,DMO,93,SECR,79.432246,23.836693
22867,HUMSAFAR EXP,SAUGOR,SGO,100,SECR,78.74292,23.84735
22867,HUMSAFAR EXP,V LAKSHMIBAI JHANSI,VGLJ,79,SECR,78.5533,25.4439
22867,HUMSAFAR EXP,GWALIOR,GWL,89,SECR,78.182292,26.216483
22867,HUMSAFAR EXP,AGRA CANTT,AGC,76,SECR,77.990153,27.157992
22867,HUMSAFAR EXP,MATHURA JN,MTJ,102,SECR,77.673117,27.480145
22867,HUMSAFAR EXP,H NIZAMUDDIN,NZM,71,SECR,77.254249,28.58733
22868,DURG HUMSAFAR,H NIZAMUDDIN,NZM,44,SECR,77.254249,28.58733
22868,DURG HUMSAFAR,MATHURA JN,MTJ,51,SECR,77.673117,27.480145
22868,DURG HUMSAFAR,AGRA CANTT,AGC,47,SECR,77.990153,27.157992
22868,DURG HUMSAFAR,GWALIOR,GWL,39,SECR,78.182292,26.216483
22868,DURG HUMSAFAR,V LAKSHMIBAI JHANSI,VGLJ,34,SECR,78.5533,25.4439
22868,DURG HUMSAFAR,SAUGOR,SGO,52,SECR,78.74292,23.84735
22868,DURG HUMSAFAR,DAMOH,DMO,63,SECR,79.432246,23.836693
22868,DURG HUMSAFAR,KATNI MURWARA,KMZ,45,SECR,80.4014844,23.8343563
22868,DURG HUMSAFAR,UMARIA,UMR,52,SECR,80.823244,23.52273
22868,DURG HUMSAFAR,SHAHDOL,SDL,55,SECR,81.364073,23.285962
22868,DURG HUMSAFAR,ANUPPUR JN,APR,45,SECR,81.695967,23.117312
22868,DURG HUMSAFAR,PENDRA ROAD,PND,51,SECR,81.89917,22.755825
22868,DURG HUMSAFAR,USLAPUR,USL,10,SECR,82.111546,22.102548
22868,DURG HUMSAFAR,BHATAPARA,BYT,22,SECR,81.946062,21.732464
22868,DURG HUMSAFAR,RAIPUR JN,R,20,SECR,81.629328,21.256462
22868,DURG HUMSAFAR,DURG,DURG,0,SECR,81.291837,21.200327
22887,SMVB HUMSAFAR EXP,HOWRAH JN,HWH,150,SER,88.340999,22.584078
22887,SMVB HUMSAFAR EXP,KHARAGPUR JN,KGP,165,SER,87.328456,22.341432
22887,SMVB HUMSAFAR EXP,BALASORE,BLS,163,SER,86.919582,21.500521
22887,SMVB HUMSAFAR EXP,BHADRAKH,BHC,149,SER,86.5162305,21.0917458
22887,SMVB HUMSAFAR EXP,CUTTACK,CTC,148,SER,85.90156,20.466588
22887,SMVB HUMSAFAR EXP,BHUBANESWAR,BBS,173,SER,85.842595,20.265388
22887,SMVB HUMSAFAR EXP,KHURDA ROAD JN,KUR,203,SER,85.708234,20.153076
22887,SMVB HUMSAFAR EXP,BRAHMAPUR,BAM,230,SER,84.7966912,19.2961348
22887,SMVB HUMSAFAR EXP,PALASA,PSA,192,SER,84.422091,18.756782
22887,SMVB HUMSAFAR EXP,SRIKAKULAM ROAD,CHE,218,SER,83.903771,18.408679
22887,SMVB HUMSAFAR EXP,VIZIANAGRAM JN,VZM,216,SER,83.395586,18.111374
22887,SMVB HUMSAFAR EXP,VISHAKAPATNAM,VSKP,259,SER,83.289514,17.72159
22887,SMVB HUMSAFAR EXP,RAJAMUNDRY,RJY,232,SER,81.783901,16.984159
22887,SMVB HUMSAFAR EXP,VIJAYAWADA JN,BZA,221,SER,80.618648,16.518262
22887,SMVB HUMSAFAR EXP,ONGOLE,OGL,226,SER,80.057404,15.498064
22887,SMVB HUMSAFAR EXP,RENIGUNTA JN,RU,200,SER,79.50629,13.636261
22887,SMVB HUMSAFAR EXP,KATPADI JN,KPD,186,SER,79.135341,12.972734
22887,SMVB HUMSAFAR EXP,SMVT BENGALURU,SMVB,157,SER,77.6418,13.0006
22888,HWH HUMSAFAR EXP,SMVT BENGALURU,SMVB,5,SER,77.6418,13.0006
22888,HWH HUMSAFAR EXP,KRISHNARAJAPURM,KJM,8,SER,77.674016,13.000534
22888,HWH HUMSAFAR EXP,KATPADI JN,KPD,6,SER,79.135341,12.972734
22888,HWH HUMSAFAR EXP,RENIGUNTA JN,RU,1,SER,79.50629,13.636261
22888,HWH HUMSAFAR EXP,ONGOLE,OGL,1,SER,80.057404,15.498064
22888,HWH HUMSAFAR EXP,VIJAYAWADA JN,BZA,21,SER,80.618648,16.518262
22888,HWH HUMSAFAR EXP,RAJAMUNDRY,RJY,67,SER,81.783901,16.984159
22888,HWH HUMSAFAR EXP,VISHAKAPATNAM,VSKP,15,SER,83.289514,17.72159
22888,HWH HUMSAFAR EXP,VIZIANAGRAM JN,VZM,26,SER,83.395586,18.111374
22888,HWH HUMSAFAR EXP,SRIKAKULAM ROAD,CHE,29,SER,83.903771,18.408679
22888,HWH HUMSAFAR EXP,PALASA,PSA,1,SER,84.422091,18.756782
22888,HWH HUMSAFAR EXP,BRAHMAPUR,BAM,1,SER,84.7966912,19.2961348
22888,HWH HUMSAFAR EXP,KHURDA ROAD JN,KUR,25,SER,85.708234,20.153076
22888,HWH HUMSAFAR EXP,BHUBANESWAR,BBS,22,SER,85.842595,20.265388
22888,HWH HUMSAFAR EXP,CUTTACK,CTC,24,SER,85.90156,20.466588
22888,HWH HUMSAFAR EXP,BHADRAKH,BHC,6,SER,86.5162305,21.0917458
22888,HWH HUMSAFAR EXP,BALASORE,BLS,54,SER,86.919582,21.500521
22888,HWH HUMSAFAR EXP,KHARAGPUR JN,KGP,13,SER,87.328456,22.341432
22888,HWH HUMSAFAR EXP,HOWRAH JN,HWH,4,SER,88.340999,22.584078
22913,SHC HUMSAFAR,BANDRA TERMINUS,BDTS,1,WR,72.840535,19.061911
22913,SHC HUMSAFAR,VAPI,VAPI,19,WR,72.909127,20.374338
22913,SHC HUMSAFAR,VALSAD,BL,17,WR,72.9335291,20.6085595
22913,SHC HUMSAFAR,BHESTAN,BHET,6,WR,72.8613128,21.1278829
22913,SHC HUMSAFAR,NANDURBAR,NDB,0,WR,74.246482,21.374812
22913,SHC HUMSAFAR,BHUSAVAL JN,BSL,1,WR,75.7886717,21.0472812
22913,SHC HUMSAFAR,ITARSI JN,ET,1,WR,77.767128,22.608258
22913,SHC HUMSAFAR,JABALPUR,JBP,0,WR,79.950919,23.164636
22913,SHC HUMSAFAR,KATNI,KTE,13,WR,80.400543,23.833385
22913,SHC HUMSAFAR,SATNA,STA,1,WR,80.827717,24.568619
22913,SHC HUMSAFAR,PRAYAGRAJ CHHEOKI,PCOI,48,WR,,
22913,SHC HUMSAFAR,PT DEEN DAYAL UPADHYAY JN,DDU,91,WR,,
22913,SHC HUMSAFAR,PATNA JN,PNBE,174,WR,85.136824,25.60256
22913,SHC HUMSAFAR,NEW BARAUNI JN,NBJU,218,WR,,
22913,SHC HUMSAFAR,BEGU SARAI,BGS,220,WR,86.134476,25.425296
22913,SHC HUMSAFAR,KHAGARIA JN,KGG,196,WR,86.465251,25.505891
22913,SHC HUMSAFAR,SAHARSA JN,SHC,153,WR,86.594953,25.875208
22914,BDTS HUMSAFAR,SAHARSA JN,SHC,0,WR,86.594953,25.875208
22914,BDTS HUMSAFAR,KHAGARIA JN,KGG,19,WR,86.465251,25.505891
22914,BDTS HUMSAFAR,BEGU SARAI,BGS,46,WR,86.134476,25.425296
22914,BDTS HUMSAFAR,NEW BARAUNI JN,NBJU,12,WR,,
22914,BDTS HUMSAFAR,PATNA JN,PNBE,83,WR,85.136824,25.60256
22914,BDTS HUMSAFAR,PT DEEN DAYAL UPADHYAY JN,DDU,146,WR,,
22914,BDTS HUMSAFAR,PRAYAGRAJ CHHEOKI,PCOI,240,WR,,
22914,BDTS HUMSAFAR,SATNA,STA,294,WR,80.827717,24.568619
22914,BDTS HUMSAFAR,KATNI,KTE,308,WR,80.400543,23.833385
22914,BDTS HUMSAFAR,JABALPUR,JBP,289,WR,79.950919,23.164636
22914,BDTS HUMSAFAR,ITARSI JN,ET,256,WR,77.767128,22.608258
22914,BDTS HUMSAFAR,BHUSAVAL JN,BSL,226,WR,75.7886717,21.0472812
22914,BDTS HUMSAFAR,NANDURBAR,NDB,210,WR,74.246482,21.374812
22914,BDTS HUMSAFAR,BHESTAN,BHET,184,WR,72.8613128,21.1278829
22914,BDTS HUMSAFAR,VALSAD,BL,183,WR,72.9335291,20.6085595
22914,BDTS HUMSAFAR,VAPI,VAPI,192,WR,72.909127,20.374338
22914,BDTS HUMSAFAR,BANDRA TERMINUS,BDTS,164,WR,72.840535,19.061911
22920,ADI MAS HUMSAFAR,AHMEDABAD JN,ADI,8,WR,72.601516,23.025515
22920,ADI MAS HUMSAFAR,ANAND JN,ANND,19,WR,72.965733,22.561307
22920,ADI MAS HUMSAFAR,VADODARA JN,BRC,11,WR,73.181065,22.310756
22920,ADI MAS HUMSAFAR,SURAT,ST,0,WR,72.840793,21.206568
22920,ADI MAS HUMSAFAR,PALGHAR,PLG,0,WR,72.77248,19.698038
22920,ADI MAS HUMSAFAR,VASAI ROAD,BSR,1,WR,72.8322217,19.3824486
22920,ADI MAS HUMSAFAR,KALYAN JN,KYN,7,WR,73.12974,19.234716
22920,ADI MAS HUMSAFAR,PUNE JN,PUNE,9,WR,73.873086,18.529378
22920,ADI MAS HUMSAFAR,SOLAPUR JN,SUR,38,WR,75.893401,17.664496
22920,ADI MAS HUMSAFAR,KALABURAGI JN,KLBG,42,WR,,
22920,ADI MAS HUMSAFAR,RAICHUR,RC,14,WR,77.339165,16.192441
22920,ADI MAS HUMSAFAR,GUNTAKAL JN,GTL,2,WR,77.366611,15.17556
22920,ADI MAS HUMSAFAR,RENIGUNTA JN,RU,1,WR,79.50629,13.636261
22920,ADI MAS HUMSAFAR,CHENNAI CENTRAL,MAS,6,WR,80.2748563,13.0847613
22923,JAM HUMSAFAR,BANDRA TERMINUS,BDTS,0,WR,72.840535,19.061911
22923,JAM HUMSAFAR,BORIVALI,BVI,5,WR,72.856412,19.228739
22923,JAM HUMSAFAR,VAPI,VAPI,2,WR,72.909127,20.374338
22923,JAM HUMSAFAR,UDHNA JN,UDN,0,WR,72.851461,21.171156
22923,JAM HUMSAFAR,BHARUCH JN,BH,1,WR,72.997689,21.706907
22923,JAM HUMSAFAR,VADODARA JN,BRC,3,WR,73.181065,22.310756
22923,JAM HUMSAFAR,ANAND JN,ANND,5,WR,72.965733,22.561307
22923,JAM HUMSAFAR,AHMEDABAD JN,ADI,13,WR,72.601516,23.025515
22923,JAM HUMSAFAR,VIRAMGAM JN,VG,13,WR,72.052968,23.129098
22923,JAM HUMSAFAR,SURENDRANAGAR JN,SUNR,5,WR,71.630056,22.7443
22923,JAM HUMSAFAR,WANKANER JN,WKR,4,WR,70.965617,22.622552
22923,JAM HUMSAFAR,RAJKOT JN,RJT,1,WR,70.803446,22.312206
22923,JAM HUMSAFAR,HAPA,HAPA,35,WR,70.11814,22.468974
22924,BDTS HUMSAFAR,JAMNAGAR,JAM,2,WR,70.053879,22.493992
22924,BDTS HUMSAFAR,HAPA,HAPA,3,WR,70.11814,22.468974
22924,BDTS HUMSAFAR,RAJKOT JN,RJT,30,WR,70.803446,22.312206
22924,BDTS HUMSAFAR,WANKANER JN,WKR,27,WR,70.965617,22.622552
22924,BDTS HUMSAFAR,SURENDRANAGAR JN,SUNR,19,WR,71.630056,22.7443
22924,BDTS HUMSAFAR,VIRAMGAM JN,VG,1,WR,72.052968,23.129098
22924,BDTS HUMSAFAR,AHMEDABAD JN,ADI,6,WR,72.601516,23.025515
22924,BDTS HUMSAFAR,ANAND JN,ANND,3,WR,72.965733,22.561307
22924,BDTS HUMSAFAR,VADODARA JN,BRC,2,WR,73.181065,22.310756
22924,BDTS HUMSAFAR,BHARUCH JN,BH,3,WR,72.997689,21.706907
22924,BDTS HUMSAFAR,UDHNA JN,UDN,3,WR,72.851461,21.171156
22924,BDTS HUMSAFAR,VAPI,VAPI,11,WR,72.909127,20.374338
22924,BDTS HUMSAFAR,BORIVALI,BVI,18,WR,72.856412,19.228739
22985,RAJ HUMSAFAR EXP,UDAIPUR CITY,UDZ,13,NWR,73.699632,24.566862
22985,RAJ HUMSAFAR EXP,MAVLI JN,MVJ,28,NWR,73.973721,24.794585
22985,RAJ HUMSAFAR EXP,CHANDERIYA,CNA,2,NWR,74.629979,24.939558
22985,RAJ HUMSAFAR EXP,BHILWARA,BHL,6,NWR,74.6307734,25.3435508
22985,RAJ HUMSAFAR EXP,AJMER JN,AII,0,NWR,74.637464,26.456612
22985,RAJ HUMSAFAR EXP,PHULERA JN,FL,6,NWR,75.245456,26.872814
22985,RAJ HUMSAFAR EXP,RINGAS JN,RGS,5,NWR,75.563604,27.373379
22985,RAJ HUMSAFAR EXP,NARNAUL,NNL,6,NWR,76.123133,28.044396
22985,RAJ HUMSAFAR EXP,REWARI,RE,0,NWR,76.609414,28.202779
22986,RAJ HUMSAFAR EXP,DELHI S ROHILLA,DEE,0,NWR,77.187106,28.662992
22986,RAJ HUMSAFAR EXP,REWARI,RE,4,NWR,76.609414,28.202779
22986,RAJ HUMSAFAR EXP,NARNAUL,NNL,10,NWR,76.123133,28.044396
22986,RAJ HUMSAFAR EXP,RINGAS JN,RGS,10,NWR,75.563604,27.373379
22986,RAJ HUMSAFAR EXP,PHULERA JN,FL,7,NWR,75.245456,26.872814
22986,RAJ HUMSAFAR EXP,AJMER JN,AII,0,NWR,74.637464,26.456612
22986,RAJ HUMSAFAR EXP,BHILWARA,BHL,7,NWR,74.6307734,25.3435508
22986,RAJ HUMSAFAR EXP,CHANDERIYA,CNA,0,NWR,74.629979,24.939558
22986,RAJ HUMSAFAR EXP,MAVLI JN,MVJ,5,NWR,73.973721,24.794585
